Filename-->,Cancer,Cancer,Cancer,Sain,Sain
Mode/Unit-->,false,false,false,true,true
Int.time[ms]-->,,,,,
NrOfAverages-->,100,100,100,100,100
Smoothing-->,0,0,0,0,0
Wavelength [nm],NaN,NaN,NaN,NaN,NaN
347.7871,5.8221,0.82215,3.3389,19.4295,19.4128
348.3846,7.6492,9.9189,11.0833,26.2638,27.4134
348.982,8.4584,6.5458,0,17.4608,9.2003
349.5794,14.4389,7.4137,0,17.4697,9.7451
350.1768,3.1321,0.3844,0,6.7768,8.5279
350.7742,11.0168,3.8531,6.5099,22.4371,20.1141
351.3715,0.56897,0,0,12.2251,6.397
351.9688,8.3659,7.5711,12.7022,24.4283,24.1774
352.5661,0,0,1.3652,12.0754,17.2761
353.1633,8.2877,6.3836,5.2192,22.8767,19.1918
353.7605,2.7461,11.2922,7.0448,13.8843,22.4689
354.3577,4.1386,5.0509,1.7453,20.3491,16.7394
354.9549,4.9665,12.7252,1.0937,12.7509,12.9696
355.552,7.0218,3.2446,4.3584,13.6077,16.5133
356.1491,0.27926,5.6613,2.0564,6.5372,10.3199
356.7462,9.7309,6.5954,2.2705,17.9241,23.4142
357.3432,6.036,9.3689,8.3152,13.3089,14.3626
357.9402,7.0126,1.6507,12.7522,23.994,21.3507
358.5372,7.2895,9.0245,6.0199,21.6885,22.1858
359.1342,4.3497,6.4495,0,20.6985,12.492
359.7311,8.5409,6.5782,7.9694,20.9641,18.8504
360.328,5.6821,6.2206,7.7973,17.8829,20.6134
360.9248,5.2562,5.275,6.1495,16.6808,15.9285
361.5217,7.8786,4.1181,5.0261,19.5084,22.2324
362.1185,4.3445,5.1431,3.546,13.0716,20.6484
362.7153,7.1593,14.7112,11.699,25.4459,24.2256
363.312,1.474,7.2847,3.7659,13.9388,17.5684
363.9087,7.4238,10.922,8.0095,23.6803,18.6387
364.5054,8.8885,9.266,7.0246,15.5203,18.6706
365.1021,6.9484,7.4107,9.4284,23.9343,21.9532
365.6987,6.5365,6.5893,7.9237,21.3058,19.7829
366.2953,7.2577,6.7218,4.9278,20.329,18.8626
366.8919,9.6697,10.7048,9.6629,20.7967,23.6568
367.4884,2.6996,7.4329,7.125,20.5227,20.7232
368.085,3.6434,6.3448,6.6261,19.8522,18.145
368.6814,7.639,8.045,8.045,21.5615,24.01
369.2779,2.1221,2.7528,4.9077,19.2103,15.4655
369.8743,8.7465,9.3581,6.6445,22.9499,21.9583
370.4707,2.0988,9.519,7.4975,20.3579,17.5813
371.0671,5.4967,9.0596,6.4776,22.5899,16.6592
371.6634,3.8827,9.6501,9.6177,21.5574,17.9771
372.2597,5.1112,11.6978,12.2141,24.7023,20.5975
372.856,0,3.2488,7.1236,18.5537,16.9347
373.4523,1.9328,5.9851,6.7774,24.1825,16.9863
374.0485,2.8292,8.5518,6.6262,20.5303,18.0467
374.6447,4.3489,6.1348,4.5952,20.8773,19.5888
375.2408,0.057647,6.8073,7.1243,18.971,16.3672
375.837,3.5625,6.4216,7.7059,20.0318,20.3131
376.4331,2.2366,6.4051,3.8958,20.5155,18.6153
377.0291,3.3964,7.2644,8.4499,22.9173,18.8769
377.6252,1.8181,5.8997,6.4308,20.7836,18.6468
378.2212,3.8475,9.9171,7.8873,21.3877,19.7502
378.8172,0,5.631,5.3711,19.7187,16.6742
379.4131,0.84278,6.1063,7.4433,21.4373,15.534
380.0091,1.1718,7.7988,6.4617,18.5291,19.4365
380.6049,0.053636,6.5294,8.4853,21.5619,17.3461
381.2008,1.8146,6.3369,7.0354,19.7883,18.6397
381.7966,1.4017,6.0469,7.3741,19.4542,15.7401
382.3925,2.7753,5.0282,6.6601,18.0634,17.7546
382.9882,0.0032462,6.1818,7.4123,21.1234,16.3669
383.584,1.9127,7.1257,5.6943,18.8955,16.2765
384.1797,1.6104,6.4837,7.8051,20.6038,17.4282
384.7754,0.23726,4.5871,3.4464,17.962,14.6373
385.371,0.90322,7.2458,6.6941,20.2138,16.5409
385.9666,0,5.9625,6.0074,17.9072,15.7169
386.5622,0,5.3794,4.4086,19.2239,14.8713
387.1578,0,5.4622,3.4169,16.9737,15.5967
387.7533,2.1454,5.1105,5.7374,19.7456,16.2436
388.3488,0,4.855,5.4991,19.0335,16.5757
388.9443,0,4.1174,5.7152,18.8933,15.1324
389.5398,0,2.8119,1.8875,15.6501,15.0539
390.1352,0,4.6334,3.7615,17.5157,15.7902
390.7306,0,4.9987,4.791,17.0619,15.7883
391.3259,0,5.2026,4.6384,17.8581,15.1524
391.9212,0,2.699,2.0027,16.967,12.9528
392.5165,0,2.9288,4.1423,17.7719,14.5151
393.1118,0,4.5424,3.2802,16.2484,14.5236
393.707,0,2.4584,3.0501,17.3452,14.5024
394.3022,0,3.4083,2.6877,15.245,13.8667
394.8974,0,2.565,3.984,15.9361,14.2421
395.4926,0,2.6837,1.7033,15.3544,14.2157
396.0876,0,3.6073,3.8464,15.9722,13.7792
396.6827,0,2.4362,2.5399,14.9034,12.9551
397.2778,0,2.1367,2.506,14.8417,13.4144
397.8728,0,2.4256,2.8074,14.105,12.0988
398.4678,0,3.1558,2.297,16.0843,12.4546
399.0628,0,1.9589,0.61205,13.7728,10.8647
399.6577,0,2.3429,1.756,14.6302,12.1429
400.2526,0,1.2577,0.66409,12.461,11.2002
400.8475,0,1.4678,1.2628,13.6515,11.7952
401.4423,0,0,0.22369,12.0716,10.153
402.0371,0,0.72348,0.29557,13.2726,10.7727
402.6319,0,0.37757,0,12.1327,11.1129
403.2266,0,0,0,12.1909,10.7032
403.8214,0,0,0,11.7402,9.2207
404.416,0,0.49153,0.68275,13.4437,10.7773
405.0107,0,0.10717,0,12.436,9.9488
405.6053,0,0,0,12.4598,10.4366
406.1999,0,0,0,11.9974,10.2797
406.7945,0,0,0,12.5467,9.9077
407.389,0,0,0,11.0732,10.4191
407.9835,0,0,0,11.7268,10.0656
408.578,0,0,0,10.6986,9.4237
409.1724,0,0,0,12.0074,9.7874
409.7668,0,0,0,10.1491,8.9809
410.3612,0,0,0,11.3229,9.4388
410.9556,0,0,0,10.5932,9.439
411.5499,0,0,0,10.6069,9.0058
412.1442,0,0,0,10.5442,8.9886
412.7384,0,0,0,10.1344,9.554
413.3326,0,0,0,10.1693,8.6389
413.9268,0,0,0,10.4886,8.8538
414.521,0,0,0,10.5963,9.506
415.1151,0,0,0,10.2304,8.6668
415.7092,0,0,0,9.5046,8.0262
416.3033,0,0,0,10.5086,8.4908
416.8973,0,0,0,9.0036,8.517
417.4913,0,0,0,10.7406,9.2197
418.0853,0,0,0,9.7753,9.1799
418.6793,0,0,0,10.3612,8.4389
419.2732,0,0,0,10.5385,8.4897
419.8671,0,0,0,10.2013,7.9655
420.4609,0,0,0,9.6335,8.2793
421.0547,0,0,0,9.9459,8.445
421.6485,0,0,0,9.8701,8.5082
422.2423,0,0,0,10.7323,8.5862
422.836,0,0,0,10.0059,8.0471
423.4297,0,0,0,10.217,8.0493
424.0234,0,0,0,10.3079,8.7583
424.617,0,0,0,10.5979,8.664
425.2106,0,0,0,9.929,8.1632
425.8042,0,0,0,10.5005,8.2488
426.3977,0,0,0,10.9454,9.1221
426.9912,0,0,0,11.0595,8.7714
427.5847,0,0,0,10.5772,8.4761
428.1782,0,0,0,10.7681,8.7708
428.7716,0,0,0,10.9905,8.6289
429.3649,0,0,0,10.9583,8.5477
429.9583,0,0,0,10.8587,8.7403
430.5516,0,0,0,11.1267,8.7921
431.1449,0,0,0,11.2873,9.2374
431.7382,0,0,0,11.6324,9.1606
432.3314,0,0,0,11.5801,9.2235
432.9246,0,0,0,11.8638,9.1874
433.5177,0,0,0,11.7951,9.6486
434.1109,0,0,0,12.9956,9.9206
434.704,0,0,0,11.7975,9.18
435.297,0,0,0,12.5698,9.9197
435.8901,0,0,0,12.5591,10.0108
436.4831,0,0,0,12.9424,9.8216
437.076,0,0,0,12.8205,10.0505
437.669,0,0,0,13.0858,10.3992
438.2619,0,0,0,13.2433,10.3852
438.8548,0,0.3294,0,13.6872,10.8961
439.4476,0,0,0,13.8957,10.7733
440.0404,0,0.25743,0,13.8193,11.313
440.6332,0,0.1116,0,13.6732,10.6854
441.226,0,0.41693,0,14.0894,10.9569
441.8187,0,0.5945,0,14.2768,11.0336
442.4114,0,0.6458,0,14.1186,11.3264
443.004,0,0.86555,0.54483,14.6125,11.365
443.5966,0,0.99844,0.7002,14.8331,11.4343
444.1892,0,1.2425,1.224,14.5254,11.6416
444.7818,0,1.6649,1.3211,14.99,11.8986
445.3743,0,1.5399,1.445,14.941,11.7382
445.9668,0,1.6039,1.7561,15.1991,11.9238
446.5593,0,1.7857,1.9987,15.2993,12.3702
447.1517,0,1.8141,2.0855,15.4507,12.4423
447.7441,0,2.1631,2.5304,15.3542,12.5503
448.3365,0.3133,2.1419,2.5912,15.8013,12.5482
448.9288,0.83236,2.3241,2.6081,15.3521,12.6124
449.5211,1.3527,2.5853,2.8263,15.6969,12.4556
450.1134,1.6631,2.5327,3.093,15.5835,12.1099
450.7056,2.5494,2.7389,3.4866,15.9944,12.6914
451.2978,2.3738,2.6622,3.1095,15.5034,12.7116
451.89,3.2867,2.8661,3.449,16.2865,12.8133
452.4821,3.6814,3.2836,3.7462,15.925,12.9047
453.0742,4.1967,3.0934,3.7257,16.0533,13.0177
453.6663,4.5423,3.2761,3.9107,16.1023,13.1277
454.2584,4.7294,3.2452,3.9697,16.2382,12.8693
454.8504,5.3462,3.534,3.863,15.9807,13.1716
455.4424,5.5773,3.5695,4.0169,16.3062,13.2531
456.0343,6.0282,3.7301,4.562,16.137,13.285
456.6262,6.1697,3.6171,4.3623,16.4129,13.2709
457.2181,6.8728,3.9217,4.7437,16.4392,13.6056
457.8099,6.6328,3.6454,4.6204,16.5218,13.4117
458.4018,6.8269,3.9407,4.4562,16.456,13.391
458.9935,7.1531,4.0143,4.7435,16.5958,13.331
459.5853,7.4216,3.9484,4.8389,16.505,13.4003
460.177,7.4401,4.2091,4.892,16.6775,13.8834
460.7687,7.4945,3.8909,4.5223,16.2071,13.3581
461.3604,8.0528,4.2144,4.9258,16.5394,13.6803
461.952,7.9845,4.4246,4.912,16.2507,13.8664
462.5436,8.1628,4.5898,5.0619,16.6431,13.6179
463.1351,8.0414,4.2485,5.0563,16.4545,13.8574
463.7267,8.2857,4.2025,4.9416,16.4703,13.4592
464.3181,8.3867,4.4061,5.2266,16.3623,13.8318
464.9096,8.6401,4.5145,5.1662,16.6708,13.7372
465.501,8.4818,4.4889,5.2909,16.5459,13.6642
466.0924,8.4903,4.3412,5.0529,16.547,13.6476
466.6838,8.4982,4.5136,5.1445,16.2245,13.6737
467.2751,8.7805,4.5731,5.0296,16.5729,13.8935
467.8664,8.7002,4.5689,4.9754,16.2234,13.8943
468.4577,8.8027,4.5628,5.2283,16.3716,13.5705
469.0489,8.9356,4.7472,5.2104,16.5289,13.755
469.6401,9.0198,4.6217,5.3393,16.5772,13.7476
470.2313,9.0298,4.5405,5.1681,16.4889,13.712
470.8224,9.0702,4.5301,5.3766,16.698,13.9707
471.4135,8.7726,4.6916,5.1154,16.4008,13.6756
472.0046,8.8485,4.541,5.0842,16.3019,13.5281
472.5956,8.7623,4.4707,5.2068,16.3685,13.516
473.1866,8.9726,4.5995,5.238,16.4246,13.7933
473.7776,9.0047,4.6949,5.3211,16.4264,13.9023
474.3685,8.8232,4.5814,5.129,16.2099,13.7542
474.9594,9.074,4.6499,5.2343,16.4907,13.9159
475.5503,9.1115,4.6242,5.1506,16.3617,13.686
476.1411,9.1105,4.6472,5.1043,16.4585,13.8271
476.7319,8.972,4.5534,5.0934,16.3659,13.7701
477.3227,8.9785,4.5923,5.1019,16.1698,13.7
477.9134,9.093,4.6034,5.1623,16.2684,13.7211
478.5041,9.0843,4.603,5.0364,16.2154,13.7784
479.0948,9.1779,4.5463,5.0875,16.3105,13.8032
479.6854,9.1522,4.481,5.0954,16.2208,13.6151
480.276,9.3299,4.6002,5.1944,16.2341,13.7972
480.8666,9.2144,4.5417,4.9758,16.2661,13.8165
481.4571,9.3696,4.5813,4.9734,16.2685,13.6685
482.0476,9.336,4.7518,5.1087,16.2569,13.9222
482.6381,9.5219,4.5207,4.9845,16.2712,13.8745
483.2285,9.3941,4.5522,4.9508,16.1936,13.8141
483.8189,9.4969,4.6082,5.0384,16.2675,13.8487
484.4093,9.6826,4.6699,5.1282,16.4076,14.0597
484.9997,9.6997,4.6127,5.0405,16.1981,13.7858
485.59,9.6941,4.5818,5.0008,16.4046,13.9314
486.1802,9.7327,4.5571,5.1213,16.3435,14.0079
486.7705,9.7329,4.5781,5.113,16.4154,14.0576
487.3607,9.7365,4.6321,5.0786,16.458,14.1601
487.9508,9.7998,4.6629,4.9894,16.2478,14.1408
488.541,9.8793,4.6614,5.0765,16.498,14.1442
489.1311,9.7644,4.6408,4.9974,16.3117,14.1042
489.7212,9.8405,4.5746,5.0055,16.3264,14.1447
490.3112,9.7698,4.4933,4.9766,16.2818,14.0503
490.9012,9.778,4.6751,5.0133,16.3414,14.0717
491.4912,9.9022,4.582,4.9875,16.3581,14.2204
492.0811,9.8583,4.6124,4.9691,16.4375,14.1216
492.671,9.829,4.5327,4.9275,16.282,14.3763
493.2609,9.8182,4.4705,5.0196,16.3557,14.1546
493.8507,9.7836,4.6014,5.006,16.3852,14.3789
494.4405,9.9023,4.6379,4.9906,16.4346,14.3815
495.0303,9.834,4.7227,5.0329,16.4218,14.4948
495.62,9.8565,4.6013,4.9832,16.4428,14.3197
496.2097,9.8519,4.6684,4.9347,16.5122,14.5727
496.7994,9.8016,4.5821,5.0332,16.5203,14.4938
497.389,9.684,4.5452,4.8578,16.4494,14.4552
497.9786,9.7026,4.6443,4.895,16.5103,14.5154
498.5682,9.6802,4.5997,4.9116,16.4327,14.5401
499.1577,9.7262,4.7073,4.9988,16.6608,14.7008
499.7472,9.5815,4.6573,4.9427,16.3265,14.5872
500.3367,9.5936,4.6006,4.878,16.4912,14.5681
500.9261,9.5642,4.5924,4.8709,16.444,14.5406
501.5155,9.4443,4.5792,4.9033,16.4806,14.5756
502.1049,9.4405,4.5572,4.869,16.4648,14.6738
502.6942,9.466,4.5552,4.872,16.4767,14.7235
503.2835,9.3116,4.6528,4.8624,16.4556,14.7312
503.8727,9.2862,4.6287,4.8523,16.5342,14.8184
504.462,9.1464,4.5596,4.83,16.446,14.7134
505.0512,9.1201,4.5684,4.7504,16.5031,14.8007
505.6403,9.0107,4.4191,4.7625,16.3632,14.7313
506.2295,8.9116,4.408,4.7531,16.4184,14.6936
506.8185,8.8674,4.4062,4.7268,16.3019,14.6145
507.4076,8.8605,4.3608,4.6651,16.3796,14.6512
507.9966,8.8007,4.4337,4.6318,16.2917,14.6424
508.5856,8.7761,4.4167,4.6557,16.4394,14.7186
509.1746,8.6825,4.3523,4.5833,16.2533,14.662
509.7635,8.6858,4.4041,4.7033,16.4144,14.7579
510.3524,8.4865,4.3718,4.527,16.2047,14.6862
510.9412,8.4847,4.3474,4.5588,16.2731,14.6533
511.53,8.4377,4.3702,4.6077,16.232,14.7926
512.1188,8.3197,4.3046,4.5122,16.2349,14.6585
512.7076,8.2245,4.2307,4.425,16.0939,14.5351
513.2963,8.1046,4.1102,4.3836,15.9874,14.5572
513.8849,8.0275,4.0905,4.2522,15.824,14.4557
514.4736,7.8399,4.0787,4.2384,15.8245,14.3377
515.0622,7.8731,4.1575,4.2023,15.7621,14.2632
515.6508,7.7706,4.0101,4.1599,15.7836,14.231
516.2393,7.7537,4.0291,4.2229,15.8119,14.2507
516.8278,7.6481,3.9867,4.2026,15.6854,14.1253
517.4163,7.6067,3.9716,4.1388,15.5787,14.2363
518.0048,7.5806,3.9432,4.1379,15.5349,14.1136
518.5931,7.411,3.885,3.9959,15.4431,13.9579
519.1815,7.2273,3.8444,3.9393,15.4246,14.0284
519.7699,7.1837,3.8437,3.9165,15.306,13.8755
520.3582,7.0518,3.7075,3.8775,15.1772,13.8267
520.9464,6.9519,3.7153,3.7935,15.1199,13.6271
521.5347,6.9017,3.599,3.7302,14.9456,13.6204
522.1229,6.7574,3.5129,3.6822,14.9145,13.4871
522.7111,6.7261,3.5646,3.5836,14.7778,13.2746
523.2991,6.6512,3.4924,3.6055,14.6781,13.2631
523.8873,6.4086,3.4159,3.4594,14.543,13.0033
524.4753,6.4046,3.4097,3.4793,14.4507,12.9394
525.0634,6.332,3.4132,3.4783,14.389,12.8955
525.6513,6.137,3.3404,3.3478,14.2857,12.7258
526.2393,6.0949,3.2951,3.2717,14.2691,12.667
526.8272,5.9972,3.2314,3.2124,14.0478,12.4683
527.4151,5.8764,3.161,3.1334,13.8796,12.3498
528.0029,5.753,3.1311,3.1064,13.8224,12.2141
528.5908,5.6169,3.0201,2.9569,13.7024,12.004
529.1785,5.5051,3.0166,2.914,13.5956,11.9657
529.7663,5.361,2.8746,2.8868,13.4841,11.8112
530.354,5.2139,2.8639,2.7978,13.3328,11.5618
530.9417,5.0854,2.7892,2.7082,13.2411,11.484
531.5293,5.0294,2.8107,2.7486,13.1243,11.4932
532.1169,5.0343,2.8217,2.6967,13.0878,11.3865
532.7045,4.8223,2.774,2.6006,12.9833,11.3041
533.292,4.7136,2.6566,2.5217,12.7831,11.2045
533.8795,4.5806,2.6202,2.5263,12.8115,11.0461
534.467,4.5616,2.6046,2.4952,12.7816,11.015
535.0544,4.402,2.5933,2.4212,12.7102,10.9456
535.6418,4.2689,2.4944,2.3262,12.5093,10.8138
536.2292,4.186,2.3898,2.2594,12.5182,10.7133
536.8165,4.0143,2.3785,2.2371,12.4726,10.6995
537.4038,3.8721,2.4154,2.1749,12.3183,10.6437
537.991,3.6939,2.2791,2.0426,12.2007,10.4678
538.5782,3.5907,2.2356,1.9907,12.1882,10.4043
539.1655,3.4872,2.19,1.965,12.0124,10.3363
539.7526,3.3673,2.2123,1.939,12.0204,10.3476
540.3397,3.3059,2.1503,1.8998,12.0821,10.3374
540.9268,3.0846,2.1259,1.8979,11.9457,10.2396
541.5139,2.9815,2.077,1.7785,11.8861,10.1927
542.1008,2.8327,2.0717,1.7107,11.8263,10.1683
542.6878,2.8677,2.0709,1.7751,11.7908,10.2292
543.2748,2.6674,2.0304,1.711,11.7768,10.2009
543.8617,2.5946,2.0642,1.7238,11.8097,10.271
544.4485,2.5222,2.0422,1.7066,11.831,10.2847
545.0354,2.4833,2.0363,1.7218,11.8963,10.3616
545.6222,2.3403,1.9621,1.6645,11.8875,10.3168
546.2089,2.2918,1.9441,1.6465,11.8693,10.4283
546.7957,2.1631,1.9172,1.6399,11.8506,10.3953
547.3823,2.109,1.9306,1.5865,11.9482,10.4577
547.969,2.0716,1.9506,1.5971,11.9731,10.5833
548.5556,2.0099,1.9118,1.6183,12.0015,10.599
549.1422,1.9607,1.8834,1.5641,11.9502,10.6205
549.7288,1.8872,1.9421,1.5943,12.1195,10.7523
550.3152,1.8129,1.9061,1.5408,11.9667,10.7587
550.9017,1.7251,1.8894,1.5291,12.0728,10.7488
551.4882,1.7385,1.9071,1.5666,12.0891,10.8921
552.0746,1.6986,1.9342,1.6232,12.2066,10.9422
552.6609,1.6338,1.8969,1.4871,12.0603,10.8926
553.2473,1.6743,1.9622,1.5583,12.1671,11.0878
553.8336,1.6273,1.92,1.4934,12.2244,11.0361
554.4199,1.6187,1.922,1.5982,12.2318,11.0927
555.0061,1.6357,1.9436,1.5814,12.3125,11.0807
555.5923,1.6431,1.953,1.5727,12.2931,11.1457
556.1785,1.638,1.9797,1.554,12.3644,11.1953
556.7646,1.6073,1.9719,1.5309,12.306,11.2405
557.3506,1.641,1.9591,1.5452,12.2561,11.1975
557.9367,1.7392,1.9991,1.6035,12.3173,11.2238
558.5227,1.6789,1.9924,1.5928,12.3427,11.2294
559.1087,1.6569,1.8897,1.5634,12.2932,11.2299
559.6946,1.7052,1.9222,1.5259,12.2278,11.2259
560.2805,1.7143,1.8861,1.4931,12.2706,11.162
560.8664,1.6688,1.8248,1.4351,12.1625,11.0893
561.4522,1.782,1.8497,1.4479,12.1682,11.1213
562.038,1.798,1.8496,1.4566,12.0869,11.1058
562.6238,1.8151,1.7493,1.4536,12.0813,11.0277
563.2095,1.8457,1.7564,1.4185,11.9688,10.9319
563.7952,1.8876,1.763,1.3633,11.9723,10.8775
564.3809,1.9694,1.765,1.3837,11.8839,10.7568
564.9665,1.9916,1.7358,1.3097,11.8531,10.7042
565.5521,2.0544,1.7568,1.3888,11.8202,10.6555
566.1376,2.1179,1.719,1.3179,11.7283,10.5284
566.7231,2.1714,1.6697,1.3021,11.6339,10.4429
567.3086,2.2539,1.6679,1.295,11.6481,10.312
567.894,2.3502,1.6777,1.3047,11.5537,10.2884
568.4794,2.3439,1.5817,1.1852,11.4123,10.1125
569.0648,2.4982,1.6398,1.2647,11.3805,10.0618
569.6501,2.5135,1.592,1.2149,11.2293,9.8946
570.2354,2.6244,1.5684,1.2282,11.185,9.804
570.8207,2.5969,1.505,1.1783,11.068,9.6672
571.4059,2.6457,1.4546,1.1121,10.9501,9.5015
571.9911,2.7049,1.4216,1.1088,10.8896,9.3848
572.5762,2.7764,1.4083,1.0006,10.7336,9.2068
573.1613,2.8123,1.3576,1.0101,10.6427,9.1732
573.7464,2.8805,1.3596,1.026,10.6209,9.0621
574.3314,2.8805,1.2846,0.93819,10.5231,8.9621
574.9164,3.0629,1.4091,1.0135,10.4675,8.9678
575.5014,3.099,1.3319,0.95335,10.4289,8.8928
576.0864,3.1194,1.2972,0.9273,10.3316,8.8823
576.6713,3.208,1.2792,0.96942,10.3223,8.9285
577.2561,3.3016,1.3251,1.0099,10.3415,8.9356
577.8409,3.4621,1.3994,1.0616,10.4445,9.0661
578.4257,3.4369,1.3795,1.0134,10.384,9.072
579.0104,3.5131,1.4341,1.0993,10.5176,9.1986
579.5952,3.6345,1.4734,1.1417,10.5374,9.2732
580.1798,3.7036,1.5152,1.1899,10.6461,9.3988
580.7645,3.7649,1.5304,1.1625,10.6653,9.4654
581.3491,3.8156,1.5942,1.2445,10.8147,9.7054
581.9337,3.9186,1.6313,1.2784,10.8714,9.8599
582.5181,4.024,1.7313,1.3769,11.0029,10.1348
583.1027,4.0342,1.7155,1.3727,11.1223,10.2681
583.6871,4.1453,1.8165,1.465,11.322,10.4913
584.2715,4.201,1.8748,1.5252,11.478,10.7582
584.8559,4.3525,1.8936,1.6027,11.6077,10.9098
585.4402,4.4926,2.0273,1.6803,11.8131,11.1914
586.0245,4.5988,2.1103,1.7451,11.9748,11.4268
586.6088,4.7007,2.136,1.8131,12.1708,11.6828
587.1931,4.8112,2.2072,1.884,12.3524,11.8524
587.7772,4.8957,2.2823,1.9475,12.4937,12.0632
588.3614,5.0328,2.2641,1.9476,12.6639,12.2993
588.9455,5.2135,2.3743,2.0667,12.8345,12.5319
589.5296,5.2459,2.3596,2.0406,12.9549,12.6617
590.1136,5.4934,2.519,2.1636,13.1511,12.9249
590.6976,5.5641,2.4909,2.1685,13.2456,13.1207
591.2816,5.6491,2.5075,2.1868,13.3633,13.2284
591.8656,5.8784,2.5735,2.2645,13.5372,13.406
592.4495,6.0529,2.6307,2.3347,13.6085,13.6066
593.0333,6.2129,2.6673,2.3576,13.7094,13.7181
593.6172,6.3706,2.6962,2.3942,13.8494,13.8441
594.2009,6.4886,2.7143,2.4211,13.9177,13.9529
594.7847,6.6764,2.7436,2.4673,14.0173,13.9989
595.3684,6.8204,2.7683,2.4557,14.0865,14.1358
595.9521,6.9409,2.7773,2.4572,14.1507,14.2098
596.5358,7.1,2.7841,2.4914,14.2201,14.2388
597.1193,7.2406,2.8077,2.561,14.2309,14.2838
597.7029,7.5334,2.9095,2.6158,14.3896,14.4359
598.2864,7.6099,2.8504,2.6309,14.415,14.5005
598.8699,7.6963,2.8499,2.6237,14.4832,14.4429
599.4534,7.8254,2.9028,2.6113,14.4338,14.5999
600.0368,8.0077,2.9302,2.696,14.5028,14.5794
600.6202,8.1753,2.9776,2.6944,14.5918,14.6828
601.2036,8.3121,2.9783,2.6926,14.7103,14.7012
601.7868,8.3736,2.9556,2.6601,14.6446,14.758
602.3701,8.5352,2.9648,2.711,14.7748,14.7964
602.9533,8.6018,2.9926,2.7282,14.7461,14.7811
603.5365,8.7578,3.0719,2.7595,14.7964,14.9237
604.1197,8.8207,3.0007,2.7444,14.7746,14.8569
604.7028,8.8448,2.9545,2.6959,14.7586,14.8163
605.2859,8.9413,3.0061,2.7554,14.7609,14.8906
605.8689,8.9986,3.0089,2.7257,14.801,14.9222
606.4519,8.9774,2.9543,2.6792,14.7832,14.8626
607.0349,9.0556,2.9574,2.7376,14.7806,14.9057
607.6178,9.1255,2.9746,2.7006,14.8173,14.9291
608.2007,9.1188,2.9311,2.6767,14.797,14.9472
608.7836,9.1447,2.8983,2.6204,14.8133,14.9111
609.3664,9.1084,2.8634,2.5963,14.788,14.8796
609.9492,9.0928,2.8405,2.5296,14.7651,14.7778
610.5319,9.1167,2.7443,2.4848,14.6729,14.7818
611.1146,9.0505,2.6749,2.4542,14.6051,14.6893
611.6973,9.014,2.6514,2.3563,14.6015,14.7087
612.2799,8.9252,2.6663,2.3049,14.6171,14.6896
612.8625,8.9417,2.6134,2.3272,14.6293,14.676
613.4451,8.995,2.6138,2.3151,14.5929,14.7334
614.0276,8.9986,2.6367,2.3458,14.6098,14.7022
614.61,8.9448,2.5471,2.2948,14.5247,14.5856
615.1925,9.1069,2.68,2.3299,14.5672,14.6391
615.7749,9.2109,2.7752,2.4609,14.7168,14.7273
616.3573,9.2173,2.8225,2.4833,14.808,14.7334
616.9396,9.2596,2.7862,2.472,14.7017,14.7534
617.5219,9.3242,2.8739,2.5674,14.8413,14.7639
618.1041,9.403,2.8678,2.5942,14.8429,14.8503
618.6863,9.4743,2.9424,2.6126,14.8447,14.8389
619.2686,9.3909,2.8691,2.5923,14.8369,14.7512
619.8506,9.3722,2.8971,2.6071,14.8184,14.8247
620.4328,9.358,2.9226,2.5945,14.7909,14.8756
621.0148,9.3909,2.9612,2.6115,14.8378,14.8632
621.5969,9.3454,2.8746,2.4961,14.8134,14.862
622.1788,9.3272,2.8911,2.5443,14.7663,14.8368
622.7608,9.3932,2.9146,2.5365,14.8542,14.8417
623.3427,9.3436,2.8755,2.5346,14.766,14.7975
623.9246,9.3228,2.8635,2.5533,14.7483,14.746
624.5064,9.3092,2.8521,2.5416,14.7693,14.7988
625.0882,9.3073,2.8572,2.5634,14.7565,14.7674
625.67,9.3407,2.8934,2.5498,14.7446,14.8185
626.2517,9.3325,2.8811,2.55,14.7583,14.6838
626.8334,9.2801,2.8453,2.5219,14.6933,14.6991
627.415,9.2358,2.8095,2.4987,14.6017,14.7108
627.9966,9.2552,2.8478,2.5081,14.665,14.6267
628.5782,9.2735,2.9145,2.5401,14.601,14.6573
629.1597,9.277,2.9272,2.5858,14.6533,14.7184
629.7412,9.3035,2.9026,2.5505,14.6496,14.6415
630.3226,9.2979,2.8866,2.5482,14.6046,14.6412
630.9041,9.2726,2.8998,2.5144,14.589,14.5928
631.4854,9.1909,2.8424,2.4734,14.5593,14.5666
632.0668,9.1977,2.8412,2.4642,14.4865,14.5857
632.6481,9.1367,2.765,2.433,14.4453,14.4961
633.2293,9.1107,2.8331,2.4286,14.4319,14.5053
633.8105,9.1349,2.8223,2.4216,14.4648,14.4491
634.3917,9.1964,2.9116,2.4612,14.4846,14.4555
634.9729,9.1279,2.8079,2.4195,14.4577,14.4795
635.554,9.2131,2.8609,2.4696,14.5136,14.4671
636.1351,9.2141,2.8213,2.4664,14.3844,14.4221
636.7161,9.2289,2.8943,2.5262,14.4428,14.4727
637.2971,9.2298,2.8771,2.5193,14.4179,14.474
637.8781,9.224,2.9656,2.5254,14.4127,14.3759
638.4589,9.2319,2.9335,2.5238,14.427,14.3634
639.0398,9.3193,2.9791,2.5179,14.4062,14.4443
639.6207,9.2983,2.9484,2.5179,14.3715,14.3859
640.2014,9.2571,2.9769,2.5231,14.3212,14.314
640.7822,9.2504,2.9695,2.5296,14.3649,14.294
641.3629,9.3573,3.0027,2.579,14.3358,14.3314
641.9436,9.327,3.0291,2.5524,14.3354,14.3768
642.5242,9.3379,3.0484,2.5501,14.2735,14.3084
643.1049,9.3104,3.0094,2.5566,14.2639,14.282
643.6854,9.3867,3.0486,2.6203,14.3395,14.2633
644.2659,9.3924,3.0792,2.5449,14.2814,14.2854
644.8464,9.4735,3.1125,2.6043,14.282,14.2693
645.4269,9.5167,3.154,2.6619,14.3147,14.2786
646.0073,9.5427,3.1561,2.6751,14.3254,14.2613
646.5876,9.6099,3.2389,2.7133,14.2957,14.3093
647.168,9.6144,3.2398,2.712,14.2909,14.2823
647.7483,9.7082,3.2776,2.7338,14.3276,14.2188
648.3286,9.624,3.1865,2.6805,14.2883,14.2277
648.9088,9.654,3.2121,2.7128,14.2778,14.2168
649.489,9.6701,3.2098,2.6744,14.2069,14.1786
650.0691,9.6464,3.2652,2.7053,14.2375,14.2267
650.6492,9.6894,3.2027,2.6513,14.2725,14.2003
651.2292,9.6267,3.1366,2.5875,14.203,14.1853
651.8093,9.5738,3.0742,2.5012,14.1179,14.1222
652.3892,9.5114,2.9629,2.438,14.1469,14.136
652.9692,9.4164,2.893,2.3334,14.0957,14.0503
653.5491,9.3261,2.7852,2.2421,14.0309,14.0668
654.1289,9.1809,2.6619,2.0857,13.955,14.0921
654.7087,9.1719,2.4954,1.9441,13.9058,14.0005
655.2885,8.9777,2.3427,1.8063,13.8912,13.9443
655.8683,8.8285,2.1442,1.5639,13.715,13.866
656.448,8.7195,1.9748,1.3996,13.716,13.8336
657.0276,8.5564,1.8411,1.2927,13.6144,13.7567
657.6073,8.459,1.6885,1.1553,13.5186,13.6714
658.1869,8.4509,1.6331,1.0947,13.5316,13.6346
658.7664,8.382,1.6497,1.0857,13.5081,13.6671
659.3459,8.3622,1.6046,1.0372,13.4303,13.5662
659.9254,8.401,1.6177,1.0816,13.4054,13.5923
660.5048,8.5691,1.8558,1.2982,13.4557,13.5976
661.0842,8.85,2.1365,1.5615,13.4856,13.6013
661.6636,8.8926,2.2038,1.5896,13.4822,13.5974
662.2429,8.8836,2.1659,1.5885,13.4038,13.5899
662.8221,9.0094,2.2525,1.6591,13.5099,13.5627
663.4014,8.976,2.2702,1.7151,13.4766,13.5274
663.9806,8.9747,2.2761,1.6628,13.4064,13.5187
664.5598,8.985,2.2418,1.6627,13.4437,13.4917
665.1389,8.978,2.271,1.6744,13.3806,13.4506
665.718,8.9631,2.2863,1.6534,13.3007,13.4232
666.297,8.9708,2.2629,1.6555,13.3698,13.4409
666.876,8.9498,2.2291,1.6213,13.3026,13.4243
667.455,9.014,2.2714,1.6967,13.3698,13.4211
668.0339,8.9871,2.2225,1.6065,13.3237,13.4153
668.6127,9.053,2.29,1.6537,13.3815,13.401
669.1916,8.9703,2.2612,1.6115,13.3116,13.3292
669.7704,8.9083,2.2226,1.6148,13.2986,13.3632
670.3491,8.9459,2.2525,1.619,13.2657,13.3032
670.9279,8.8935,2.149,1.5582,13.2343,13.3216
671.5065,8.8932,2.168,1.5699,13.2048,13.2844
672.0852,8.8666,2.2086,1.589,13.2476,13.2487
672.6638,8.8256,2.1323,1.5288,13.1455,13.1958
673.2423,8.8915,2.1987,1.5715,13.197,13.2775
673.8209,8.7991,2.1863,1.4734,13.0911,13.1863
674.3994,8.8553,2.1167,1.4825,13.1576,13.15
674.9778,8.8325,2.1231,1.5293,13.1014,13.1872
675.5562,8.7955,2.129,1.4778,13.0812,13.149
676.1345,8.7506,2.0974,1.4258,13.0249,13.059
676.7129,8.7464,2.0825,1.4055,13.0064,13.0432
677.2911,8.7829,2.1008,1.4358,13.0244,13.1042
677.8694,8.7911,2.1139,1.4884,13.0136,13.0294
678.4476,8.7159,2.0095,1.437,12.9335,13.0461
679.0258,8.7615,2.0601,1.4939,12.9751,13.0014
679.6039,8.6357,1.9854,1.3088,12.869,12.9143
680.1819,8.7045,1.9581,1.3569,12.8655,12.8704
680.76,8.698,1.9928,1.3398,12.8378,12.8707
681.338,8.6113,1.966,1.3191,12.8,12.9181
681.916,8.6825,1.9693,1.355,12.8285,12.9108
682.4939,8.6383,1.9706,1.2738,12.868,12.9038
683.0718,8.5935,1.9468,1.2958,12.7901,12.8623
683.6496,8.5596,1.8811,1.2605,12.6603,12.7636
684.2274,8.6347,1.9333,1.2399,12.7761,12.8026
684.8052,8.5557,1.8649,1.2218,12.7306,12.7408
685.3829,8.5739,1.9184,1.2012,12.5968,12.7809
685.9606,8.5762,1.911,1.2749,12.7039,12.827
686.5382,8.5857,1.914,1.208,12.6976,12.7692
687.1158,8.5432,1.8803,1.2089,12.6633,12.7529
687.6934,8.5246,1.8463,1.2146,12.6282,12.6943
688.2709,8.4315,1.8364,1.1826,12.5938,12.6082
688.8483,8.4289,1.8399,1.1688,12.5973,12.5568
689.4258,8.4225,1.7977,1.1518,12.5541,12.5447
690.0032,8.4089,1.8279,1.1535,12.5661,12.5849
690.5806,8.4851,1.85,1.163,12.6272,12.632
691.1579,8.4454,1.8194,1.1648,12.5762,12.6251
691.7352,8.4653,1.8728,1.1894,12.647,12.6209
692.3124,8.3918,1.7883,1.1667,12.5145,12.5298
692.8896,8.3357,1.7698,1.0869,12.5305,12.4917
693.4667,8.3348,1.8101,1.1136,12.4879,12.4953
694.0438,8.3741,1.7757,1.0992,12.5143,12.4754
694.6209,8.3374,1.7412,1.0945,12.4242,12.5258
695.1979,8.2762,1.7299,1.0647,12.4432,12.526
695.775,8.3386,1.6633,1.0201,12.4148,12.4601
696.3519,8.2619,1.6999,1.0408,12.5098,12.4935
696.9288,8.2739,1.6565,1.0125,12.3345,12.4192
697.5057,8.2582,1.6713,1.0019,12.3913,12.4578
698.0825,8.2594,1.7115,1.061,12.3466,12.4258
698.6593,8.2435,1.7679,1.0831,12.3443,12.4261
699.236,8.209,1.7322,1.0032,12.3465,12.3704
699.8127,8.229,1.7455,1.0368,12.3201,12.41
700.3894,8.2085,1.7382,1.0146,12.3638,12.3743
700.9661,8.0877,1.6731,0.96184,12.2245,12.2981
701.5427,8.0776,1.6889,0.93446,12.1548,12.2819
702.1192,8.1468,1.6809,0.97094,12.2024,12.2628
702.6957,8.1075,1.6639,0.90243,12.2004,12.3047
703.2722,8.0305,1.6256,0.92312,12.1711,12.1965
703.8486,8.0008,1.5926,0.8798,12.1132,12.2319
704.4249,8.0307,1.6075,0.89048,12.1643,12.1844
705.0013,8.0397,1.5916,0.91673,12.15,12.1986
705.5776,8.001,1.6467,0.91151,12.1601,12.2642
706.1539,8.0482,1.5758,0.90437,12.1241,12.1656
706.73,8.057,1.645,0.96899,12.1107,12.1352
707.3063,8.0751,1.679,0.93101,12.223,12.2585
707.8824,8.0601,1.6419,0.91857,12.1158,12.2042
708.4585,7.9271,1.5763,0.88357,12.0131,12.1499
709.0345,7.9614,1.5729,0.87316,11.9738,12.0972
709.6105,7.9212,1.4881,0.75748,11.994,12.0246
710.1865,7.9488,1.5185,0.77547,11.9889,12.0253
710.7625,7.9366,1.5488,0.79376,11.9462,12.0321
711.3383,7.9102,1.5235,0.82846,11.9708,12.007
711.9142,7.8914,1.4644,0.76239,11.9068,11.9638
712.49,7.8929,1.5816,0.75326,11.9695,12.0226
713.0657,7.9055,1.5087,0.78444,11.9001,11.9786
713.6415,7.8964,1.5336,0.83888,11.9194,11.9539
714.2172,7.8855,1.5379,0.80541,11.9317,11.9842
714.7928,7.8955,1.5647,0.84754,11.951,11.9869
715.3684,7.8366,1.5477,0.7776,11.846,11.8966
715.944,7.8569,1.5685,0.83688,11.9302,11.9833
716.5195,7.8248,1.5103,0.76538,11.8278,11.9181
717.095,7.716,1.4681,0.69665,11.7713,11.8439
717.6704,7.7648,1.477,0.77316,11.7612,11.8947
718.2458,7.7609,1.4709,0.73258,11.8492,11.8924
718.8212,7.7943,1.5619,0.74955,11.769,11.8771
719.3965,7.7536,1.4522,0.71807,11.7654,11.8426
719.9717,7.687,1.492,0.74942,11.8046,11.8689
720.5469,7.6585,1.4444,0.77198,11.7642,11.7649
721.1221,7.7383,1.465,0.73155,11.7589,11.7174
721.6973,7.669,1.4623,0.72132,11.7272,11.7459
722.2724,7.66,1.4273,0.65151,11.7101,11.7255
722.8475,7.6649,1.399,0.63844,11.7048,11.692
723.4225,7.608,1.4126,0.6244,11.6399,11.7974
723.9974,7.5338,1.3784,0.55479,11.6248,11.6287
724.5724,7.5367,1.4029,0.67788,11.6814,11.6499
725.1473,7.6275,1.4454,0.6296,11.6147,11.6517
725.7222,7.6008,1.4458,0.65059,11.7092,11.7421
726.2969,7.5641,1.4099,0.61187,11.6281,11.6324
726.8717,7.5704,1.3965,0.62467,11.5802,11.6387
727.4465,7.5764,1.4141,0.60214,11.6006,11.5807
728.0211,7.4688,1.3344,0.55935,11.4469,11.602
728.5958,7.4779,1.3736,0.61544,11.53,11.6952
729.1704,7.4724,1.3646,0.60491,11.4421,11.611
729.7449,7.5212,1.4019,0.68366,11.5776,11.6946
730.3195,7.4064,1.3248,0.54644,11.4312,11.4767
730.894,7.4232,1.2839,0.50567,11.3798,11.4967
731.4684,7.3478,1.29,0.48395,11.3591,11.4258
732.0428,7.3887,1.2811,0.52279,11.4537,11.4612
732.6171,7.2492,1.2089,0.43879,11.3619,11.3647
733.1915,7.3885,1.2463,0.45565,11.3799,11.3903
733.7657,7.3039,1.2079,0.42347,11.3056,11.3284
734.34,7.3508,1.2271,0.4242,11.3261,11.3316
734.9141,7.2565,1.2369,0.44161,11.3515,11.3165
735.4883,7.3175,1.262,0.48609,11.3024,11.3627
736.0624,7.2186,1.2035,0.42394,11.273,11.2942
736.6365,7.2005,1.1622,0.40737,11.2217,11.2678
737.2104,7.2407,1.1753,0.37331,11.2985,11.2813
737.7844,7.1748,1.2022,0.41535,11.2887,11.3707
738.3584,7.2049,1.194,0.37214,11.2029,11.3251
738.9323,7.2457,1.2523,0.4499,11.3489,11.2724
739.5061,7.161,1.2259,0.43331,11.2176,11.2368
740.0799,7.095,1.1374,0.34968,11.184,11.2791
740.6537,7.0454,1.121,0.31627,11.1356,11.0721
741.2274,7.1346,1.1946,0.33249,11.2253,11.1867
741.8011,7.0889,1.1024,0.28641,11.1497,11.1487
742.3748,7.0664,1.1251,0.28426,11.1534,11.1831
742.9483,6.9729,1.1069,0.23616,11.0392,11.1153
743.5219,6.9482,1.0731,0.25179,11.0538,11.1638
744.0954,6.9537,1.086,0.26365,11.1463,11.127
744.6689,6.9653,1.0812,0.26731,11.1269,11.1592
745.2423,6.8812,0.98175,0.19754,11.0348,11.1094
745.8157,6.9155,1.0674,0.23665,11.008,11.0921
746.389,6.8701,1.0162,0.20103,10.9533,10.976
746.9623,6.8697,1.0414,0.20807,10.9487,11.0791
747.5356,6.8123,1.0287,0.19018,10.9752,11.0465
748.1088,6.907,0.99894,0.24368,11.0001,11.0525
748.6819,6.8442,1.0437,0.20597,10.9968,10.9955
749.2551,6.8604,1.0749,0.26489,11.0286,11.0384
749.8282,6.8046,0.99442,0.17396,10.949,10.9676
750.4012,6.797,1.0636,0.24594,10.9988,10.893
750.9742,6.7566,1.039,0.1937,10.9926,10.9912
751.5472,6.7786,0.97289,0.14771,10.9399,10.9083
752.1201,6.7768,0.98245,0.1551,10.9487,10.9384
752.693,6.7663,0.94258,0.19065,10.8739,10.9014
753.2658,6.7295,0.98725,0.15171,10.9489,10.9487
753.8386,6.7472,0.9703,0.18738,10.8841,10.8892
754.4114,6.706,1.0124,0.16022,10.832,10.8444
754.9841,6.6117,0.91266,0.074517,10.8082,10.822
755.5567,6.6112,0.90818,0.011779,10.7183,10.7015
756.1293,6.5205,0.87576,0.001672,10.7384,10.7572
756.7019,6.6043,0.92895,0.089029,10.7262,10.7759
757.2745,6.5991,0.8808,0.048455,10.7728,10.779
757.8469,6.5019,0.86141,0,10.698,10.69
758.4194,6.5547,0.86883,0.04308,10.6286,10.7528
758.9918,6.4923,0.88417,0.01263,10.7532,10.7837
759.5641,6.5057,0.80287,0,10.6519,10.7008
760.1365,6.4275,0.83195,0,10.6211,10.6641
760.7087,6.5429,0.86896,0.013097,10.6939,10.6446
761.281,6.467,0.84315,0.0064065,10.6336,10.6605
761.8532,6.4949,0.8579,0.045171,10.6997,10.7463
762.4254,6.4589,0.83948,0,10.6396,10.6591
762.9974,6.4497,0.79941,0.009828,10.63,10.6469
763.5695,6.5167,0.87503,0.028661,10.6782,10.7372
764.1415,6.5524,0.91627,0.013792,10.6841,10.6822
764.7135,6.4028,0.78345,0,10.6112,10.6311
765.2855,6.4402,0.80141,0,10.5453,10.6131
765.8573,6.406,0.80075,0,10.4983,10.5689
766.4292,6.4286,0.82258,0,10.5347,10.5926
767.001,6.4349,0.81151,0,10.5499,10.5635
767.5728,6.285,0.6661,0,10.4512,10.5294
768.1445,6.3064,0.73095,0,10.4565,10.4731
768.7161,6.2703,0.69166,0,10.3878,10.3867
769.2878,6.2841,0.66978,0,10.4052,10.4448
769.8594,6.296,0.70666,0,10.4422,10.4656
770.4309,6.3134,0.72539,0,10.4581,10.4692
771.0024,6.313,0.75313,0,10.4207,10.4513
771.5739,6.3247,0.68095,0,10.3896,10.4584
772.1453,6.358,0.72203,0,10.4694,10.437
772.7167,6.3113,0.73138,0,10.5178,10.4893
773.288,6.2544,0.69814,0,10.4067,10.413
773.8593,6.2076,0.63386,0,10.3158,10.2521
774.4305,6.2694,0.67913,0,10.4255,10.432
775.0017,6.2951,0.7141,0,10.4085,10.3817
775.5729,6.1345,0.645,0,10.3523,10.333
776.144,6.2708,0.68068,0,10.392,10.4122
776.715,6.2635,0.71582,0,10.3312,10.3077
777.2861,6.2288,0.62634,0,10.3371,10.2651
777.8571,6.275,0.65545,0,10.3644,10.3425
778.428,6.2018,0.67607,0,10.2403,10.2759
778.9989,6.1463,0.55451,0,10.262,10.2093
779.5698,6.2034,0.63953,0,10.2809,10.3144
780.1406,6.2588,0.67802,0,10.3779,10.369
780.7113,6.1899,0.63583,0,10.3576,10.2963
781.282,6.1771,0.60498,0,10.3135,10.2925
781.8527,6.1914,0.65777,0,10.3409,10.3716
782.4233,6.1961,0.637,0,10.3638,10.2994
782.994,6.1545,0.69979,0,10.2865,10.237
783.5645,6.2018,0.64615,0,10.2692,10.2684
784.135,6.0689,0.53885,0,10.1903,10.0985
784.7054,6.1487,0.63525,0,10.2388,10.198
785.2759,6.0737,0.5424,0,10.2099,10.1881
785.8463,6.0883,0.48669,0,10.1179,10.0876
786.4166,6.1279,0.57025,0,10.1731,10.2207
786.9868,6.0818,0.53722,0,10.1968,10.2133
787.5571,6.0271,0.55413,0,10.2082,10.2002
788.1273,6.0792,0.51977,0,10.2641,10.2159
788.6974,6.031,0.56161,0,10.1802,10.1758
789.2675,6.0462,0.48035,0,10.1385,10.1134
789.8376,5.9678,0.46699,0,10.175,10.1477
790.4076,6.0492,0.48515,0,10.1069,10.1338
790.9776,6.0481,0.4795,0,10.19,10.1214
791.5475,5.9249,0.41362,0,10.1329,10.0619
792.1174,5.9608,0.37717,0,10.0016,9.9536
792.6873,5.9466,0.42548,0,10.0528,10.0553
793.2571,5.8805,0.38343,0,9.9978,10.0001
793.8268,5.8315,0.33152,0,9.9835,9.9209
794.3965,5.9652,0.44894,0,10.0634,9.9702
794.9662,5.9794,0.50309,0,10.065,10.0105
795.5358,5.8254,0.30989,0,9.9382,10.0029
796.1054,5.8289,0.33528,0,9.9277,9.9649
796.6749,5.9146,0.40224,0,10.0117,9.9651
797.2444,5.7774,0.34488,0,9.9744,9.9127
797.8139,5.8221,0.31237,0,9.9671,9.9505
798.3833,5.8228,0.37959,0,9.9237,9.9672
798.9526,5.7475,0.2713,0,9.9399,9.9741
799.522,5.8161,0.37556,0,9.9106,9.986
800.0912,5.8186,0.33633,0,9.9756,9.97
800.6605,5.7842,0.30241,0,9.9065,9.9552
801.2297,5.7565,0.2906,0,9.8495,9.8201
801.7988,5.7636,0.3015,0,9.9009,9.9032
802.3679,5.7534,0.31405,0,9.8474,9.8409
802.937,5.7447,0.33659,0,9.9218,9.8572
803.5059,5.7515,0.27919,0,9.9542,9.8363
804.0749,5.7659,0.3496,0,9.8757,9.8791
804.6438,5.6456,0.23933,0,9.8527,9.812
805.2127,5.7612,0.31464,0,9.9841,9.9559
805.7815,5.6223,0.18663,0,9.7853,9.8006
806.3503,5.6798,0.27171,0,9.837,9.8192
806.9191,5.6515,0.22164,0,9.803,9.8068
807.4877,5.7523,0.33317,0,9.8934,9.8926
808.0564,5.7165,0.27053,0,9.8166,9.7183
808.625,5.7796,0.34441,0,9.9388,9.72
809.1935,5.6552,0.27217,0,9.8971,9.778
809.7621,5.6238,0.19582,0,9.8488,9.6939
810.3306,5.6551,0.18949,0,9.9136,9.81
810.899,5.6739,0.26817,0,9.9472,9.7675
811.4673,5.5708,0.20936,0,9.8115,9.783
812.0357,5.5801,0.27745,0,9.8471,9.6679
812.604,5.5633,0.201,0,9.754,9.6309
813.1722,5.5415,0.15171,0,9.7311,9.7024
813.7404,5.5935,0.25297,0,9.655,9.6994
814.3086,5.5861,0.25597,0,9.7034,9.7148
814.8767,5.5042,0.22476,0,9.7747,9.6632
815.4448,5.5646,0.22001,0,9.7317,9.6393
816.0128,5.5506,0.16382,0,9.803,9.6927
816.5808,5.4789,0.20341,0,9.7352,9.6967
817.1487,5.5127,0.19847,0,9.7152,9.5921
817.7166,5.3842,0.098331,0,9.66,9.6799
818.2844,5.4397,0.15357,0,9.6696,9.6334
818.8522,5.4582,0.1182,0,9.63,9.5173
819.42,5.4537,0.18587,0,9.7008,9.6606
819.9877,5.4949,0.11155,0,9.6059,9.5873
820.5554,5.4196,0.062547,0,9.4943,9.5299
821.123,5.3861,0.087041,0,9.6512,9.7316
821.6906,5.4254,0.13624,0,9.6293,9.6019
822.2581,5.471,0.15603,0,9.5353,9.5844
822.8256,5.3176,0.067066,0,9.4672,9.48
823.3931,5.4076,0.13976,0,9.6112,9.5792
823.9604,5.3124,0.068942,0,9.4592,9.4689
824.5278,5.2229,0.018491,0,9.429,9.4079
825.0951,5.311,0.010504,0,9.4253,9.4522
825.6624,5.3223,0.054569,0,9.6155,9.496
826.2296,5.3119,0.021335,0,9.5642,9.388
826.7968,5.3617,0.08507,0,9.5143,9.5373
827.3638,5.1782,0,0,9.3796,9.3604
827.9309,5.3113,0.035879,0,9.5309,9.5161
828.498,5.2681,0.036563,0,9.4467,9.3829
829.0649,5.1556,0.04621,0,9.5759,9.468
829.6319,5.2418,0.10376,0,9.4636,9.4839
830.1988,5.3212,0.060376,0,9.5234,9.5414
830.7656,5.1425,0,0,9.4534,9.4187
831.3325,5.204,0.0048379,0,9.4643,9.434
831.8992,5.0715,0,0,9.3364,9.2952
832.4659,5.0857,0,0,9.4416,9.2711
833.0326,5.0657,0,0,9.4307,9.2456
833.5992,5.137,0,0,9.3472,9.2796
834.1658,5.0679,0,0,9.4685,9.2939
834.7324,5.1955,0.051659,0,9.4453,9.3695
835.2988,5.1904,0.039174,0,9.277,9.2884
835.8653,5.1231,0.043684,0,9.454,9.3261
836.4317,5.1057,0,0,9.4398,9.3561
836.998,5.1138,0,0,9.3645,9.2963
837.5643,5.0511,0,0,9.3472,9.3025
838.1306,5.1654,0,0,9.3922,9.3021
838.6968,5.0321,0,0,9.2774,9.2186
839.263,5.0202,0,0,9.2444,9.1711
839.8291,4.9172,0,0,9.291,9.1772
840.3952,5.054,0,0,9.3338,9.2216
840.9612,5.0391,0,0,9.3722,9.2636
841.5272,4.9197,0,0,9.2626,9.2703
842.0931,5.0645,0,0,9.287,9.1599
842.6591,4.9644,0,0,9.3923,9.3335
843.2249,5.0068,0,0,9.3049,9.2521
843.7907,4.9016,0,0,9.2389,9.2469
844.3564,4.8978,0,0,9.2522,9.1942
844.9222,4.8886,0,0,9.1811,9.0502
845.4879,4.9351,0,0,9.1956,9.0739
846.0535,4.8548,0,0,9.2722,9.2045
846.619,4.8382,0,0,9.2361,9.0904
847.1846,4.9061,0,0,9.258,9.1481
847.7501,4.9049,0,0,9.1823,9.1155
848.3155,4.922,0,0,9.2684,9.1938
848.8809,4.8296,0,0,9.1364,9.0994
849.4462,4.7824,0,0,9.1424,9.0118
850.0115,4.7649,0,0,9.1486,9.1783
850.5768,4.7302,0,0,9.1852,9.0243
851.142,4.774,0,0,8.9827,9.0211
851.7072,4.8077,0,0,9.2102,8.9866
852.2723,4.7806,0,0,9.1094,9.0275
852.8373,4.8742,0,0,9.1488,9.0895
853.4023,4.8706,0,0,9.1903,9.0475
853.9673,4.8614,0,0,9.1403,9.0609
854.5323,4.7062,0,0,9.0336,8.9867
855.0972,4.7645,0,0,9.2784,9.1425
855.662,4.746,0,0,9.1953,9.0594
856.2268,4.8069,0,0,9.0674,8.9791
856.7915,4.702,0,0,9.088,8.9488
857.3562,4.7726,0,0,9.0534,8.8693
857.9209,4.6531,0,0,9.0673,8.8165
858.4855,4.7153,0,0,9.0276,8.9242
859.05,4.6565,0,0,9.0146,8.8479
859.6146,4.7407,0,0,9.1986,8.9181
860.179,4.624,0,0,8.9397,8.8367
860.7435,4.685,0,0,9.1613,8.9841
861.3078,4.508,0,0,9.0585,8.9056
861.8721,4.724,0,0,9.0885,8.9051
862.4364,4.6909,0,0,9.0935,8.9553
863.0007,4.6293,0,0,9.0187,8.818
863.5649,4.5464,0,0,9.006,8.8283
864.129,4.6611,0,0,9.115,8.9922
864.6931,4.4664,0,0,8.965,8.8148
865.2571,4.5615,0,0,9.0387,8.9698
865.8212,4.5319,0,0,9.052,8.8624
866.3851,4.4919,0,0,9.0942,8.8517
866.949,4.4343,0,0,9.0494,8.8716
867.5129,4.4404,0,0,9.0865,8.8431
868.0767,4.6209,0,0,9.0866,8.8594
868.6404,4.5883,0,0,9.0772,8.8982
869.2042,4.6021,0,0,8.9717,8.8392
869.7679,4.6648,0,0,9.1904,8.8625
870.3315,4.6704,0,0,9.0919,8.9589
870.8951,4.5399,0,0,9.0395,8.8118
871.4586,4.5805,0,0,8.9747,8.8823
872.0221,4.5762,0,0,9.0941,8.8863
872.5856,4.5448,0,0,8.9219,8.7794
873.1489,4.4658,0,0,9.0306,8.8667
873.7123,4.5474,0,0,8.8839,8.7142
874.2756,4.5652,0,0,9.0593,8.876
874.8389,4.4821,0,0,8.972,8.7358
875.402,4.522,0,0,9.1187,8.7658
875.9652,4.4358,0,0,8.9568,8.8193
876.5283,4.5198,0,0,9.1192,8.7161
877.0914,4.5277,0,0,9.0279,8.8204
877.6544,4.5409,0,0,9.0192,8.8662
878.2174,4.3679,0,0,9.0415,8.9108
878.7803,4.5137,0,0,8.9573,8.8024
879.3432,4.4212,0,0,8.9194,8.9014
879.906,4.4125,0,0,8.9818,8.6902
880.4688,4.3784,0,0,8.9369,8.6981
881.0316,4.4099,0,0,8.9207,8.7552
881.5942,4.4005,0,0,8.9609,8.7106
882.1569,4.3811,0,0,8.9123,8.6055
882.7195,4.4213,0,0,8.9521,8.761
883.282,4.3212,0,0,8.9164,8.771
883.8445,4.4351,0,0,9.0076,8.7359
884.407,4.4335,0,0,8.9256,8.6818
884.9694,4.3078,0,0,8.855,8.6406
885.5317,4.2725,0,0,8.7734,8.5436
886.0941,4.1889,0,0,8.7262,8.6424
886.6563,4.3704,0,0,8.758,8.6138
887.2186,4.0715,0,0,8.794,8.547
887.7807,4.2784,0,0,8.772,8.4945
888.3428,4.1555,0,0,8.8496,8.5774
888.9049,4.1261,0,0,8.6876,8.6244
889.4669,4.0504,0,0,8.6259,8.4534
890.0289,4.254,0,0,8.9421,8.625
890.5909,4.1903,0,0,8.8194,8.5936
891.1528,4.2113,0,0,8.8036,8.6322
891.7146,4.0971,0,0,8.5816,8.4836
892.2764,4.1019,0,0,8.7431,8.4929
892.8381,4.1251,0,0,8.7929,8.6081
893.3998,4.0362,0,0,8.7939,8.4361
893.9615,4.0227,0,0,8.7678,8.4316
894.5231,3.9795,0,0,8.8225,8.4868
895.0846,4.0796,0,0,8.6947,8.4127
895.6461,4.1679,0,0,8.7807,8.4448
896.2076,3.8961,0,0,8.6911,8.4263
896.769,4.1566,0,0,8.735,8.4226
897.3304,3.9822,0,0,8.6365,8.4144
897.8917,3.9419,0,0,8.744,8.4505
898.4529,3.9665,0,0,8.7025,8.5489
899.0142,4.0542,0,0,8.7908,8.4066
899.5753,4.119,0,0,8.8098,8.4133
900.1365,4.1068,0,0,8.8404,8.4529
900.6975,3.9814,0,0,8.6413,8.3474
901.2585,3.9388,0,0,8.6035,8.3551
901.8195,3.9084,0,0,8.6594,8.4633
902.3805,3.9384,0,0,8.6947,8.3496
902.9413,4.0865,0,0,8.6353,8.4505
903.5022,4.0702,0,0,8.6523,8.3897
904.063,3.8915,0,0,8.6799,8.5113
904.6237,4.0178,0,0,8.7358,8.5415
905.1844,3.7401,0,0,8.6646,8.3613
905.7451,3.8033,0,0,8.6736,8.2833
906.3057,3.8943,0,0,8.6995,8.4794
906.8662,3.8998,0,0,8.6748,8.2096
907.4267,3.6969,0,0,8.6623,8.2828
907.9872,3.8438,0,0,8.7683,8.3835
908.5475,3.794,0,0,8.5935,8.288
909.1079,3.8331,0,0,8.5646,8.2671
909.6682,3.7668,0,0,8.4733,8.2201
910.2285,3.8185,0,0,8.5689,8.2951
910.7887,3.7191,0,0,8.5741,8.1745
911.3489,3.8239,0,0,8.6775,8.2338
911.909,3.7121,0,0,8.6227,8.1454
912.4691,3.832,0,0,8.6576,8.3345
913.0291,3.7236,0,0,8.5142,8.3255
913.5891,3.7936,0,0,8.4516,8.1854
914.1489,3.8053,0,0,8.6644,8.396
914.7088,3.7564,0,0,8.597,8.2714
915.2687,3.702,0,0,8.6852,8.2363
915.8284,3.7329,0,0,8.6482,8.084
916.3882,3.7615,0,0,8.5009,8.2705
916.9478,3.7911,0,0,8.661,8.2683
917.5074,3.6631,0,0,8.3883,8.008
918.0671,3.7014,0,0,8.6112,8.184
918.6266,3.6616,0,0,8.5562,8.1534
919.1861,3.641,0,0,8.6618,8.2422
919.7455,3.6503,0,0,8.4674,8.2122
920.3049,3.8025,0,0,8.6567,8.1883
920.8643,3.5771,0,0,8.483,8.126
921.4235,3.5787,0,0,8.5178,8.1395
921.9828,3.6425,0,0,8.5914,8.1066
922.542,3.7464,0,0,8.553,8.2191
923.1011,3.5399,0,0,8.4713,8.1327
923.6602,3.6162,0,0,8.55,8.1435
924.2193,3.6374,0,0,8.4784,8.0337
924.7783,3.7248,0,0,8.6073,8.1763
925.3372,3.6794,0,0,8.3486,8.0801
925.8961,3.5621,0,0,8.6514,8.1315
926.455,3.7894,0,0,8.6077,8.2961
927.0138,3.5071,0,0,8.6419,8.0371
927.5726,3.6177,0,0,8.5088,8.0736
928.1312,3.6341,0,0,8.5035,8.2032
928.6899,3.5639,0,0,8.6507,8.069
929.2485,3.6524,0,0,8.6449,8.2376
929.8071,3.5461,0,0,8.6421,8.1497
930.3656,3.5649,0,0,8.5353,8.098
930.9241,3.5865,0,0,8.645,8.1517
931.4825,3.8368,0,0,8.8452,8.2866
932.0408,3.7359,0,0,8.7537,8.1456
932.5992,4.0158,0,0,8.909,8.6262
933.1574,4.1281,0,0,9.0209,8.5547
933.7156,3.9752,0,0,9.0468,8.5411
934.2738,3.9308,0,0,8.9587,8.5462
934.8319,4.1336,0,0,9.2521,8.6288
935.39,4.0864,0,0,9.168,8.5405
935.9481,3.9863,0,0,9.0937,8.3793
936.506,4.1425,0,0,9.118,8.4141
937.0639,4.0855,0.0090458,0,9.7035,8.9791
937.6218,4.3538,0.10945,0,9.7359,8.6065
938.1796,4.3064,0,0,9.7736,8.707
938.7374,4.1529,0,0,9.4032,8.8206
939.2952,4.0065,0.011652,0,9.2744,8.7008
939.8528,3.8203,0,0,9.4114,8.3223
940.4105,4.2223,0,0,9.5628,8.8264
940.968,3.9308,0,0,8.9217,8.3511
941.5256,4.1124,0.012591,0,9.8365,8.6068
942.083,3.6637,0,0,8.8452,7.7302
942.6404,4.4091,0,0,9.6692,8.6257
943.1979,3.6269,0,0,8.7941,8.081
943.7552,3.7197,0,0,9.121,7.9918
944.3125,3.737,0,0,8.8284,7.9805
944.8697,3.7184,0,0,8.9807,7.8689
945.4269,3.3856,0,0,8.7507,7.5647
945.984,3.308,0,0,9.0168,8.0575
946.5411,3.5793,0,0,8.5443,7.5412
947.0981,3.7067,0,0,9.2018,8.1642
947.6552,3.5593,0,0,8.7336,7.9408
948.2121,3.4924,0,0,8.6074,7.7835
948.769,3.4093,0,0,8.5377,7.8303
949.3258,3.2187,0,0,8.7742,7.9101
949.8826,3.4254,0,0,8.8206,7.6834
950.4393,3.1068,0,0,8.5441,7.8707
950.996,3.3218,0,0,8.2987,7.85
951.5527,3.1532,0,0,8.769,7.8732
952.1093,3.0673,0,0,8.3316,7.7734
952.6658,3.2556,0,0,8.3041,7.9716
953.2223,2.9831,0,0,8.2376,7.5764
953.7787,3.0263,0,0,8.5285,7.9744
954.3351,3.058,0,0,8.281,7.9489
954.8915,2.972,0,0,8.3444,7.9575
955.4478,2.7029,0,0,8.1719,7.8278
956.004,2.7145,0,0,8.2018,7.7811
956.5602,2.677,0,0,8.1338,7.6316
957.1163,2.7749,0,0,8.2625,7.5421
957.6724,2.6226,0,0,7.9884,7.4617
958.2285,2.7586,0,0,8.3207,7.7422
958.7844,2.5756,0,0,7.9704,7.5766
959.3404,2.7251,0,0,8.1005,7.6444
959.8963,2.6305,0,0,7.8016,7.4884
960.4521,2.7839,0,0,8.3107,7.6804
961.0079,2.4252,0,0,8.0765,7.676
961.5637,2.8173,0,0,8.1396,7.4635
962.1194,2.4231,0,0,8.0333,7.4627
962.675,2.5546,0,0,8.0848,7.4559
963.2306,2.5099,0,0,8.0884,7.5257
963.7861,2.5879,0,0,7.9638,7.4206
964.3416,2.4885,0,0,7.7723,7.4671
964.8971,2.2395,0,0,7.8729,7.4692
965.4525,2.4352,0,0,7.8574,7.2303
966.0078,2.6634,0,0,8.2788,7.5655
966.5631,2.4386,0,0,7.515,7.3195
967.1183,2.4586,0,0,7.8596,7.2283
967.6735,2.3024,0,0,7.7459,7.1556
968.2287,2.4674,0,0,7.8877,7.3613
968.7838,2.1741,0,0,7.4286,7.3042
969.3388,2.1042,0,0,7.4944,7.4553
969.8938,2.2656,0,0,7.6214,7.1728
970.4487,2.2674,0,0,7.7596,7.3885
971.0036,2.2876,0,0,7.7634,7.4144
971.5585,2.3226,0,0,7.5607,7.1646
972.1133,2.0184,0,0,7.8041,7.3735
972.668,2.2002,0,0,7.685,7.2075
973.2227,2.2469,0,0,7.8846,7.0471
973.7773,2.2,0,0,7.7445,7.1222
974.3319,1.9643,0,0,7.5553,7.1352
974.8864,1.9128,0,0,7.7159,7.0707
975.4409,2.1496,0,0,7.5128,7.0896
975.9954,2.0662,0,0,7.5983,7.0931
976.5497,2.0389,0,0,7.5594,7.1978
977.1041,2.0323,0,0,7.5119,7.2229
977.6584,1.987,0,0,7.4481,7.2911
978.2126,1.8761,0,0,7.6837,6.9343
978.7668,2.0698,0,0,7.5649,7.263
979.3209,2.0969,0,0,7.6587,7.0506
979.875,2.089,0,0,7.6955,7.1751
980.429,1.9434,0,0,7.5142,7.0581
980.983,1.8999,0,0,7.4273,6.9408
981.5369,1.9114,0,0,7.7249,7.0865
982.0908,2.0446,0,0,7.4985,7.0376
982.6447,2.0566,0,0,7.6228,7.0041
983.1984,1.6035,0,0,7.3431,6.9435
983.7521,1.9747,0,0,7.5743,7.2111
984.3058,1.8705,0,0,7.277,6.9523
984.8594,1.9349,0,0,7.4788,6.9697
985.413,1.8729,0,0,7.4027,6.9098
985.9666,2.2721,0,0,7.7901,7.1223
986.52,2.0662,0,0,7.717,7.4345
987.0734,2.1093,0,0,7.5033,7.1999
987.6268,2.0019,0,0,7.3846,7.1183
988.1801,1.947,0,0,7.878,7.154
988.7334,1.757,0,0,7.4106,6.748
989.2866,2.2219,0,0,7.7141,7.1036
989.8398,1.8262,0,0,7.4567,7.0197
990.3929,1.8075,0,0,7.5949,6.9284
990.9459,1.3999,0,0,7.3012,6.9599
991.499,2.5353,0,0,8.2049,7.3237
992.0519,2.2723,0,0,7.6649,7.1992
992.6049,1.9722,0,0,7.7339,7.1344
993.1577,1.8306,0,0,7.6318,6.8493
993.7105,1.7495,0,0,7.392,6.827
994.2632,1.7128,0,0,6.8417,6.8736
994.816,1.9446,0,0,7.5217,6.7221
995.3686,1.7166,0,0,7.2603,6.9207
995.9212,1.935,0,0,7.8604,6.9771
996.4738,2.2025,0,0,7.4356,7.1787
997.0262,1.7233,0,0,7.6044,6.7675
997.5787,1.9911,0,0,7.3199,6.8041
998.1311,1.4766,0,0,7.626,6.7207
998.6835,1.95,0,0,7.4444,6.8775
999.2358,1.8297,0,0,7.4638,6.8772
999.788,1.6964,0,0,7.204,6.4675
1000.3402,1.8615,0,0,7.3589,6.7468
1000.8923,1.9267,0,0,7.099,6.8461
1001.4444,2.097,0,0,7.5892,7.0078
1001.9965,1.4966,0,0,7.1049,6.6412
1002.5485,1.9975,0,0,7.4922,6.577
1003.1004,1.7036,0,0,7.1003,6.6044
1003.6523,1.8216,0,0,7.4514,6.9984
1004.2041,1.5747,0,0,7.0347,6.5621
1004.7559,2.0057,0,0,7.3305,6.4489
1005.3076,1.7794,0,0,7.2458,6.6007
1005.8593,1.9155,0,0,7.5886,7.0745
1006.4109,1.4477,0,0,6.6694,6.4467
1006.9625,1.6889,0,0,7.076,6.2446
1007.514,1.7279,0,0,7.1061,6.5401
1008.0655,1.8514,0,0,7.1927,6.7556
1008.6169,1.6046,0,0,7.1416,6.8549
1009.1683,1.8877,0,0,7.4898,6.7279
1009.7195,1.7611,0,0,6.9052,6.5714
1010.2708,1.8662,0,0,7.7896,6.7659
1010.822,1.5333,0,0,7.5064,6.8401
1011.3732,1.5134,0,0,7.0494,6.4966
1011.9243,1.4053,0,0,6.9637,6.5694
1012.4753,2.1467,0,0,8.0015,6.9882
1013.0264,1.6193,0,0,7.1438,6.7755
1013.5773,2.0309,0,0,7.369,6.9759
1014.1282,1.3908,0,0,7.1737,6.4745
1014.6791,1.4019,0,0,6.7528,6.4385
1015.2299,1.4388,0,0,6.7574,6.253
1015.7806,1.9474,0,0,7.4849,6.2859
1016.3313,1.6361,0,0,6.7919,6.5425
1016.882,1.5543,0,0,7.1392,6.7566
1017.4326,1.5659,0,0,7.5795,6.7169
1017.9831,1.7808,0,0,7.4379,6.4341
1018.5336,1.0945,0,0,6.5896,6.0843
1019.084,1.3289,0,0,7.8023,6.8638
1019.6343,1.8765,0,0,7.0492,6.3408
1020.1847,1.4588,0,0,7.2259,6.8748
1020.735,1.8455,0,0,7.3988,6.699
1021.2852,1.2996,0,0,6.9574,6.7136
1021.8354,1.5082,0,0,6.8848,6.1277
1022.3855,1.4059,0,0,7.2933,6.5366
1022.9355,1.4694,0,0,7.3245,6.6462
1023.4855,1.7056,0,0,7.1233,6.3313
1024.0355,0.92688,0,0,6.818,6.4609
1024.5854,1.2967,0,0,7.2136,6.413
1025.1353,0.93355,0,0,6.6349,5.9486
1025.6851,1.9752,0,0,7.4916,6.9844
1026.2349,1.3764,0,0,6.8005,6.0595
1026.7845,1.6953,0,0,7.2562,6.8683
1027.3342,1.2718,0,0,6.8538,6.4642
1027.8838,1.4797,0,0,7.6078,5.6694
1028.4333,1.6777,0,0,7.3596,6.7199
1028.9828,1.4863,0,0,7.4914,6.4344
1029.5322,1.5381,0,0,7.2808,5.7511
1030.0817,1.5797,0,0,7.3579,6.6332
1030.631,0.89416,0,0,6.5506,6.1253
1031.1803,1.4134,0,0,7.4749,5.7283
1031.7295,0.59472,0,0,6.4966,6.3968
1032.2787,1.4511,0,0,6.9926,6.1975
1032.8278,2.3238,0,0,7.2771,6.8863
1033.3768,1.1729,0,0,6.6897,6.3878
1033.9259,1.4438,0,0,6.8881,5.5571
1034.4749,1.9157,0,0,7.2132,6.3142
1035.0238,0.70391,0,0,6.5359,5.6457
1035.5726,1.5114,0,0,6.6159,6.0412
1036.1215,2.0338,0,0,7.4987,6.0318
1036.6702,1.6713,0,0,6.9913,6.3195
1037.2189,0.67874,0,0,5.6878,5.4548
1037.7676,0.69651,0,0,6.9037,6.1975
1038.3162,0.42213,0,0,6.8602,5.3405
1038.8646,1.0281,0,0,6.39,5.3054
1039.4132,1.2044,0,0,5.8952,5.4867
1039.9615,2.0342,0,0,8.2206,6.5482
1040.51,0.65775,0,0,5.8666,4.7145
1041.0583,1.9088,0,0,6.9882,6.2094
1041.6066,1.525,0,0,6.4566,6.0566
1042.1548,0.3766,0,0,7.0608,5.5332
1042.703,1.6592,0,0,7.3601,5.9352
1043.2511,1.1623,0,0,6.7528,6.2334
1043.7992,0.62526,0,0,5.605,5.1616
1044.3472,1.029,0,0,6.8821,5.8803
1044.8951,1.2466,0,0,5.9864,5.8645
1045.443,0.85165,0,0,7.6722,5.9893
1045.9908,0.9969,0,0,6.1713,5.4726
1046.5387,1.1411,0,0,7.0618,5.736
1047.0864,1.2955,0,0,6.4713,6.2963
1047.6342,1.1251,0,0,7.9541,6.2134
1048.1818,0,0,0,5.3578,5.2334
1048.7294,1.9379,0,0,8.4141,6.4426
1049.2769,0.83199,0,0,6.4259,5.7619
1049.8243,0.72578,0,0,6.8312,6.0112
1050.3718,1.2952,0,0,6.7445,5.4559
1050.9192,1.4719,0,0,7.1572,6.3493
1051.4666,0.47086,0,0,6.4288,5.6211
1052.0138,0.80898,0,0,7.9515,4.6578
1052.561,1.0356,0,0,6.1635,6.4166
1053.1082,1.0261,0,0,7.2756,5.1572
1053.6553,1.4646,0,0,6.3526,5.6332
1054.2023,2.0345,0,0,6.9549,5.7518
1054.7493,1.6328,0,0,6.0173,5.4067
1055.2963,0.45835,0,0,6.9516,5.2424
1055.8431,0.14097,0,0,7.0269,6.4317
1056.39,0.93953,0,0,6.8691,6.1752
1056.9368,0.22574,0,0,4.9948,4.3501
1057.4835,0.51287,0,0,6.9783,5.8435
1058.0303,0.1988,0,0,6.2912,5.0714
1058.5769,1.9322,0,0,7.4199,5.6084
1059.1234,1.8204,0,0,7.2666,5.8082
1059.6699,0,0,0,7.2086,5.7891
1060.2164,0,0,0,4.9212,4.4787
1060.7628,0.39767,0,0,7.8517,4.9244
1061.3092,0.93767,0,0,5.5158,5.7407
1061.8555,0.31837,0,0,6.3561,4.9585
1062.4017,1.5846,0,0,6.9188,4.201
1062.9479,2.5773,0,0,6.9426,5.5713
1063.494,1.2899,0,0,6.6533,5.1645
1064.0402,1.5021,0,0,6.8811,5.4141
1064.5862,0.25358,0,0,6.2622,3.8882
1065.1322,1.1476,0,0,6.2521,4.6903
1065.6781,0,0,0,4.4145,4.1832
1066.224,0.86171,0,0,6.8542,5.2418
1066.7698,0,0,0,3.9565,3.364
1067.3156,1.294,0,0,7.4863,4.5477
1067.8613,0,0,0,3.4431,2.2371
1068.407,1.7862,0,0,6.8929,5.7843
1068.9525,0,0,0,5.4847,5.7011
1069.4982,1.0275,0,0,6.756,5.4868
1070.0436,0.20214,0,0,4.5291,4.7476
1070.5891,1.8999,0,0,6.4399,6.2356
1071.1344,0.2401,0,0,5.1321,5.3885
1071.6798,1.7436,0,0,8.1977,4.4896
1072.2251,0,0,0,5.9441,5.1159
1072.7703,1.8112,0,0,6.5253,4.5597
1073.3154,1.0345,0,0,6.3464,5.6482
1073.8606,0.65772,0,0,6.1078,5.7283
1074.4056,1.0059,0,0,5.729,6.7696
1074.9507,0.4821,0,0,6.718,5.9763
1075.4956,0.79374,0,0,5.8228,5.5829
1076.0405,1.1121,0,0,6.2942,5.7954
1076.5853,0,0,0,3.9497,4.783
1077.1301,0.45988,0,0,6.8523,6.0429
1077.6749,0,0,0,4.425,5.4819
1078.2196,0.35932,0,0,6.8833,4.9742
1078.7643,0,0,0,4.5097,4.4749
1079.3088,1.1194,0,0,7.39,6.7903
1079.8534,0,0,0,5.3271,4.742
1080.3978,0.68828,0,0,6.8733,5.3254
1080.9423,0,0,0,5.8206,3.2878
1081.4866,0,0,0,6.8271,6.5858
1082.0309,0,0,0,5.4581,4.9532
1082.5752,0,0,0,7.0456,6.042
1083.1194,2.0104,0,0,4.8318,5.2854
1083.6635,2.3925,0,0,8.0789,7.0114
1084.2075,0,0,0,5.2017,3.4701
1084.7516,1.9717,0,0,7.1658,6.9538
1085.2955,0,0,0,5.4937,4.6559
1085.8395,3.0149,0,0,8.2276,6.5897
1086.3834,0,0,0,5.8014,6.1629
1086.9272,0.75177,0,0,8.1411,8.0678
1087.4709,3.0906,0,0,5.4002,5.7428
1088.0146,1.1053,0,0,8.5096,6.3831
1088.5583,0,0,0,6.5475,4.1638
1089.1019,0.69005,0,0,6.6191,5.2699
1089.6454,0,0,0,7.0164,4.7805
1090.189,0,0,0,6.7858,8.4627
1090.7324,0,0,0,5.0829,5.5625
1091.2758,3.3832,0,0,7.8182,6.212
1091.8191,0.35283,0,0,5.3776,6.9673
1092.3623,1.3208,0,0,7.3891,4.2643
1092.9055,0,0,0,5.1536,5.2662
1093.4487,1.0546,0,0,6.3481,5.7129
1093.9918,0,0,0,4.8589,5.9109
1094.5349,0.30981,0,0,7.4137,5.8908
1095.0779,0,0,0,5.9163,4.9998
1095.6207,0.10808,0,0,8.2786,6.1084
1096.1637,0,0,0,4.2403,5.4831
1096.7065,0.95608,0,0,7.1535,8.4041
1097.2493,0,0,0,6.6085,5.5447
1097.792,0.083952,0,0,7.3834,3.9148
1098.3347,0,0,0,5.681,5.8696
1098.8773,3.9437,0,0,8.9232,9.0272
1099.4198,0,0,0,4.1782,3.7632
1099.9623,0,0,0,7.0095,6.4254
1100.5048,0,0,0,4.703,3.1243
