Filename-->,Cancer,Cancer,Sain,Sain
Mode/Unit-->,false,false,false,true
Int.time[ms]-->,,,,
NrOfAverages-->,100,100,100,100
Smoothing-->,0,0,0,0
Wavelength [nm],NaN,NaN,NaN,NaN
347.7871,0,7.9865,3.8243,22.8033
348.3846,0,2.3742,0,12.7002
348.982,0,8.6807,3.6329,15.4111
349.5794,0,10.7136,2.0999,0
350.1768,0,3.9448,6.0853,21.21
350.7742,0.55125,8.1309,4.0655,15.2455
351.3715,4.9269,17.1053,13.7281,22.5877
351.9688,0,17.016,11.1511,24.8201
352.5661,3.7901,5.0744,0,16.7424
353.1633,6.4921,12.7875,11.0018,13.2718
353.7605,0,19.2272,8.4762,16.5628
354.3577,0,3.4455,0,3.8822
354.9549,0,10.7198,11.608,15.067
355.552,0,11.7629,8.1829,12.0337
356.1491,0,5.3544,8.6375,7.9893
356.7462,7.8906,16.2348,8.6292,16.8049
357.3432,0,1.5902,3.1663,17.5067
357.9402,0,9.1561,6.6948,10.2813
358.5372,0,3.6918,0,11.2761
359.1342,0,16.6769,4.7368,11.2652
359.7311,0,9.5654,3.3814,18.0188
360.328,0,9.0771,0,6.2997
360.9248,0,0.70494,5.2814,1.3987
361.5217,0,16.4355,9.3901,9.3681
362.1185,0,6.8444,4.2229,7.678
362.7153,0,12.7231,8.5493,10.243
363.312,0,9.8909,5.226,5.3714
363.9087,0,6.977,2.7425,7.1976
364.5054,0,11.5507,8.1973,11.3112
365.1021,0,11.057,8.3138,8.3138
365.6987,0,10.1004,8.9219,11.3837
366.2953,0,14.6085,7.1925,8.6575
366.8919,0,3.5062,0,2.9714
367.4884,0,0.55211,2.5652,0
368.085,0,8.6588,8.5587,5.5003
368.6814,0,9.8689,5.554,8.6083
369.2779,0,8.607,4.5894,8.2478
369.8743,0,8.1848,6.6497,1.4997
370.4707,0,7.501,4.3206,5.7274
371.0671,0,2.9101,5.3295,2.5216
371.6634,0,4.2756,6.8696,1.4078
372.2597,0,6.7327,2.1933,0.79091
372.856,0,9.4997,8.0803,6.0675
373.4523,0,5.531,0.87177,2.5682
374.0485,0,2.7414,0,1.8486
374.6447,0,8.0538,6.4075,1.3516
375.2408,0,5.5672,4.2319,0.76993
375.837,0,5.8906,5.0781,1.1615
376.4331,0,5.5406,6.1435,2.8899
377.0291,0,6.6315,4.6381,0
377.6252,0,6.3214,4.4303,2.3471
378.2212,0,8.4921,3.5458,0.070727
378.8172,0,8.9162,3.7909,1.7894
379.4131,0,6.7599,1.4833,0
380.0091,0,5.7043,3.1251,0
380.6049,0,6.2101,3.5121,0
381.2008,0,1.715,1.8777,0
381.7966,0,7.3825,2.771,0
382.3925,0,5.5666,1.693,0
382.9882,0,5.1344,3.8961,0
383.584,0,6.4707,3.0433,0
384.1797,0,5.3095,2.3825,0
384.7754,0,2.1169,0,0
385.371,0,3.6092,1.7685,0
385.9666,0,2.7819,0,0
386.5622,0,5.677,0.3432,0
387.1578,0,2.9124,0.17837,0
387.7533,0,2.2247,0,0
388.3488,0,4.9218,0,0
388.9443,0,3.7701,0.93411,0
389.5398,0,3.0923,0,0
390.1352,0,3.9836,0,0
390.7306,0,2.9056,0.20047,0
391.3259,0,2.5898,0,0
391.9212,0,1.4085,0,0
392.5165,0,1.842,0,0
393.1118,0,3.0895,0,0
393.707,0,1.6984,0,0
394.3022,0,0.70137,0,0
394.8974,0,1.1108,0,0
395.4926,0,1.0839,0,0
396.0876,0,0.8001,0,0
396.6827,0,1.2983,0,0
397.2778,0,0.67627,0,0
397.8728,0,0,0,0
398.4678,0,0,0,0
399.0628,0,0,0,0
399.6577,0,0,0,0
400.2526,0,0,0,0
400.8475,0,0,0,0
401.4423,0,0,0,0
402.0371,0,0,0,0
402.6319,0,0,0,0
403.2266,0,0,0,0
403.8214,0,0,0,0
404.416,0,0,0,0
405.0107,0,0,0,0
405.6053,0,0,0,0
406.1999,0,0,0,0
406.7945,0,0,0,0
407.389,0,0,0,0
407.9835,0,0,0,0
408.578,0,0,0,0
409.1724,0,0,0,0
409.7668,0,0,0,0
410.3612,0,0,0,0
410.9556,0,0,0,0
411.5499,0,0,0,0
412.1442,0,0,0,0
412.7384,0,0,0,0
413.3326,0,0,0,0
413.9268,0,0,0,0
414.521,0,0,0,0
415.1151,0,0,0,0
415.7092,0,0,0,0
416.3033,0,0,0,0
416.8973,0,0,0,0
417.4913,0,0,0,0
418.0853,0,0,0,0
418.6793,0,0,0,0
419.2732,0,0,0,0
419.8671,0,0,0,0
420.4609,0,0,0,0
421.0547,0,0,0,0
421.6485,0,0,0,0
422.2423,0,0,0,0
422.836,0,0,0,0
423.4297,0,0,0,0
424.0234,0,0,0,0
424.617,0,0,0,0
425.2106,0,0,0,0
425.8042,0,0,0,0
426.3977,0,0,0,0
426.9912,0,0,0,0
427.5847,0,0,0,0
428.1782,0,0,0,0
428.7716,0,0,0,0
429.3649,0,0,0,0
429.9583,0,0,0,0
430.5516,0,0,0,0
431.1449,0,0,0,0
431.7382,0,0,0,0
432.3314,0,0,0,0
432.9246,0,0,0,0
433.5177,0,0,0,0
434.1109,0,0,0,0
434.704,0,0,0,0
435.297,0,0,0,0
435.8901,0,0,0,0
436.4831,0,0,0,0
437.076,0,0,0,0
437.669,0,0,0,0
438.2619,0,0,0,0
438.8548,0,0,0,0
439.4476,0,0,0,0
440.0404,0,0,0,0
440.6332,0,0,0,0
441.226,0,0,0,0
441.8187,0,0,0,0
442.4114,0,0,0,0
443.004,0,0,0,0
443.5966,0,0,0,0
444.1892,0,0,0,0
444.7818,0,0,0,0
445.3743,0,0,0,0
445.9668,0,0,0,0
446.5593,0,0,0,0
447.1517,0,0,0,0
447.7441,0,0,0,0.30125
448.3365,0,0.21537,0,0.60456
448.9288,0,0,0,0.62974
449.5211,0,0.37086,0,1.2113
450.1134,0,0,0,1.1846
450.7056,0,0,0.038859,1.4029
451.2978,0,0,0.043373,1.4417
451.89,0,0,0.34287,1.7323
452.4821,0,0.19318,0.69791,2.0207
453.0742,0,0.05922,0.2451,2.1617
453.6663,0,0.048067,0.66108,2.3869
454.2584,0,0.09899,0.57568,2.396
454.8504,0,0.2999,0.57376,2.9588
455.4424,0,0.49041,0.7766,2.7854
456.0343,0,0.70144,0.84051,3.1136
456.6262,0,0.77847,1.1426,3.5524
457.2181,0,0.48094,1.0292,3.4469
457.8099,0,0.5724,0.9737,3.5733
458.4018,0,0.90021,1.5021,4.0972
458.9935,0,0.71191,1.2814,3.9424
459.5853,0,0.8316,1.6116,4.5725
460.177,0,0.72603,1.2185,4.2883
460.7687,0,0.89285,1.3744,4.4936
461.3604,0,0.69888,1.5713,4.8264
461.952,0,0.56805,1.4985,4.7103
462.5436,0,0.89767,1.5491,4.9287
463.1351,0,0.83909,1.6222,5.2528
463.7267,0,0.89183,1.7867,5.0867
464.3181,0,1.0513,1.8338,5.4127
464.9096,0,0.75087,1.8996,5.6008
465.501,0,0.88037,1.8602,5.4617
466.0924,0,1.0753,1.8964,5.5742
466.6838,0,0.76979,1.8094,5.8563
467.2751,0,0.89489,1.7109,6.0472
467.8664,0,0.81482,1.8104,6.0952
468.4577,0,0.78794,1.8935,6.1159
469.0489,0,0.93092,2.1331,6.1395
469.6401,0,1.1741,2.1921,6.2468
470.2313,0,0.89815,2.1842,6.3248
470.8224,0,1.082,2.1115,6.3199
471.4135,0,0.88216,2.4899,6.3444
472.0046,0,0.93036,2.2802,6.5897
472.5956,0,1.3517,2.5709,6.8237
473.1866,0,0.98897,2.5978,6.5488
473.7776,0,0.98256,2.4682,6.732
474.3685,0,0.82413,2.3715,6.5831
474.9594,0,1.2297,2.6101,6.877
475.5503,0,1.1607,2.4325,6.7608
476.1411,0,1.0347,2.4986,6.8546
476.7319,0,0.95935,2.6884,6.8136
477.3227,0,1.2557,2.7359,7.1486
477.9134,0,1.3665,2.827,7.3784
478.5041,0,1.2388,2.7749,7.2551
479.0948,0,1.2426,2.8699,7.4456
479.6854,0,1.3764,2.829,7.4694
480.276,0,1.2476,2.6946,7.3963
480.8666,0,1.2576,2.9089,7.5103
481.4571,0,1.1598,2.8128,7.6113
482.0476,0,1.162,2.6596,7.4167
482.6381,0,1.2311,2.861,7.5478
483.2285,0,1.0199,2.8363,7.4583
483.8189,0,1.2574,2.9544,7.6571
484.4093,0,1.3494,3.134,7.8867
484.9997,0,1.3583,2.9767,7.7574
485.59,0,1.5175,2.8528,7.7727
486.1802,0,1.2916,3.0457,7.8172
486.7705,0,1.4455,3.0529,7.942
487.3607,0,1.3563,3.167,7.9194
487.9508,0,1.1263,2.976,7.9019
488.541,0,1.3632,3.1371,7.9083
489.1311,0,1.3333,3.1263,8.107
489.7212,0,1.2661,3.119,8.0757
490.3112,0,1.1847,2.988,8.1377
490.9012,0,1.3821,3.0611,8.3346
491.4912,0,1.3388,3.0992,8.1968
492.0811,0,1.4633,3.2078,8.3595
492.671,0,1.5064,3.1328,8.3635
493.2609,0,1.4301,3.2514,8.4367
493.8507,0,1.5864,3.1831,8.5663
494.4405,0,1.3895,3.2068,8.4525
495.0303,0,1.3415,3.2443,8.5092
495.62,0,1.4062,3.2261,8.3658
496.2097,0,1.5767,3.4262,8.7859
496.7994,0,1.4396,3.3662,8.6577
497.389,0,1.3752,3.3877,8.501
497.9786,0,1.4584,3.3075,8.629
498.5682,0,1.4055,3.202,8.6399
499.1577,0,1.5048,3.4853,8.7469
499.7472,0,1.4712,3.3108,8.7377
500.3367,0,1.474,3.3486,8.7517
500.9261,0,1.4306,3.277,8.8491
501.5155,0,1.3766,3.2464,8.7616
502.1049,0,1.4021,3.2765,8.6222
502.6942,0,1.3589,3.221,8.7539
503.2835,0,1.5744,3.3231,8.8486
503.8727,0,1.4746,3.3909,8.8673
504.462,0,1.3187,3.2854,8.7963
505.0512,0,1.2776,3.1943,8.7508
505.6403,0,1.428,3.2987,8.8917
506.2295,0,1.5831,3.4365,9.0513
506.8185,0,1.5108,3.2359,8.9503
507.4076,0,1.5599,3.4554,9.0349
507.9966,0,1.4802,3.3017,8.9611
508.5856,0,1.4274,3.3283,8.9725
509.1746,0,1.3167,3.1147,8.8459
509.7635,0,1.468,3.1806,8.8895
510.3524,0,1.3137,3.1155,8.926
510.9412,0,1.4377,3.1902,8.9997
511.53,0,1.3157,3.163,8.8982
512.1188,0,1.3135,3.21,8.8631
512.7076,0,1.279,3.0496,8.8476
513.2963,0,1.2806,3.0942,8.7857
513.8849,0,1.1804,3.022,8.7612
514.4736,0,1.2093,2.9865,8.7078
515.0622,0,1.1729,2.8896,8.6248
515.6508,0,1.2499,2.9903,8.5657
516.2393,0,1.0353,2.8386,8.4294
516.8278,0,1.1016,2.7062,8.3541
517.4163,0,0.9921,2.6478,8.2706
518.0048,0,0.97368,2.5627,8.2518
518.5931,0,0.83022,2.4589,7.9983
519.1815,0,0.75563,2.2764,7.7265
519.7699,0,0.67615,2.2593,7.7206
520.3582,0,0.56797,2.1517,7.45
520.9464,0,0.60104,2.0821,7.3795
521.5347,0,0.40239,1.8843,7.0884
522.1229,0,0.41543,1.7009,6.8619
522.7111,0,0.30769,1.6855,6.6951
523.2991,0,0.35019,1.5743,6.6565
523.8873,0,0.28612,1.5538,6.3885
524.4753,0,0.14125,1.383,6.1719
525.0634,0,0.068017,1.2672,5.9468
525.6513,0,0.083375,1.2171,5.8436
526.2393,0,0,1.1288,5.5159
526.8272,0,0,0.90327,5.3718
527.4151,0,0,0.74738,5.0462
528.0029,0,0,0.68481,4.8232
528.5908,0,0,0.53503,4.6629
529.1785,0,0,0.44306,4.3782
529.7663,0,0,0.24526,4.0889
530.354,0,0,0.21002,3.943
530.9417,0,0,0.010865,3.6874
531.5293,0,0,0.0037083,3.5155
532.1169,0,0,0,3.5138
532.7045,0,0,0,3.3048
533.292,0,0,0,3.0737
533.8795,0,0,0,2.9788
534.467,0,0,0,2.8262
535.0544,0,0,0,2.6768
535.6418,0,0,0,2.6344
536.2292,0,0,0,2.425
536.8165,0,0,0,2.2136
537.4038,0,0,0,2.1307
537.991,0,0,0,2.1943
538.5782,0,0,0,2.1933
539.1655,0,0,0,2.0415
539.7526,0,0,0,2.1918
540.3397,0,0,0,2.0079
540.9268,0,0,0,1.808
541.5139,0,0,0,1.9039
542.1008,0,0,0,2.0327
542.6878,0,0,0,2.0691
543.2748,0,0,0,2.1645
543.8617,0,0,0,2.1892
544.4485,0,0,0,2.4273
545.0354,0,0,0,2.4556
545.6222,0,0,0,2.6755
546.2089,0,0,0,2.8287
546.7957,0,0,0,3.0348
547.3823,0,0,0,3.0824
547.969,0,0,0,3.2382
548.5556,0,0,0,3.5499
549.1422,0,0,0,3.6394
549.7288,0,0,0,3.7905
550.3152,0,0,0,4.0551
550.9017,0,0,0,4.2285
551.4882,0,0,0,4.3864
552.0746,0,0,0,4.578
552.6609,0,0,0.10548,4.7661
553.2473,0,0,0.117,4.9029
553.8336,0,0,0.1734,5.0281
554.4199,0,0,0.30533,5.2572
555.0061,0,0,0.26332,5.199
555.5923,0,0,0.33833,5.3915
556.1785,0,0,0.22795,5.4412
556.7646,0,0,0.29846,5.4565
557.3506,0,0,0.35355,5.5722
557.9367,0,0,0.43738,5.6085
558.5227,0,0,0.39874,5.7
559.1087,0,0,0.38368,5.6832
559.6946,0,0,0.43771,5.6966
560.2805,0,0,0.47761,5.7002
560.8664,0,0,0.39774,5.7179
561.4522,0,0,0.36418,5.5814
562.038,0,0,0.34857,5.4312
562.6238,0,0,0.13338,5.324
563.2095,0,0,0.25094,5.2479
563.7952,0,0,0.18539,5.2205
564.3809,0,0,0.19819,5.0607
564.9665,0,0,0.016225,4.855
565.5521,0,0,0,4.6361
566.1376,0,0,0,4.5023
566.7231,0,0,0,4.3393
567.3086,0,0,0,4.0578
567.894,0,0,0,3.8626
568.4794,0,0,0,3.6463
569.0648,0,0,0,3.3553
569.6501,0,0,0,3.0484
570.2354,0,0,0,2.9195
570.8207,0,0,0,2.7001
571.4059,0,0,0,2.4369
571.9911,0,0,0,2.1351
572.5762,0,0,0,2.0072
573.1613,0,0,0,1.7981
573.7464,0,0,0,1.7928
574.3314,0,0,0,1.6172
574.9164,0,0,0,1.5771
575.5014,0,0,0,1.5102
576.0864,0,0,0,1.4849
576.6713,0,0,0,1.5558
577.2561,0,0,0,1.5969
577.8409,0,0,0,1.806
578.4257,0,0,0,2.0247
579.0104,0,0,0,2.3846
579.5952,0,0,0,2.6857
580.1798,0,0,0,2.9666
580.7645,0,0,0,3.4095
581.3491,0,0,0,3.844
581.9337,0,0,0,4.263
582.5181,0,0,0,4.6823
583.1027,0,0,0.14107,5.1762
583.6871,0,0,0.31171,5.6648
584.2715,0,0,0.51216,6.1337
584.8559,0,0,0.79511,6.6245
585.4402,0,0,1.005,7.2146
586.0245,0,0,1.2253,7.5406
586.6088,0,0,1.3471,7.9586
587.1931,0,0,1.6772,8.5723
587.7772,0,0,1.8742,8.9401
588.3614,0,0.12634,2.1061,9.3005
588.9455,0,0.34929,2.3983,9.7753
589.5296,0,0.51447,2.4997,10.0809
590.1136,0,0.65793,2.7703,10.4624
590.6976,0,0.78903,3.0699,10.7445
591.2816,0,0.90242,3.1662,11.1259
591.8656,0,1.0793,3.3273,11.3084
592.4495,0,1.0448,3.3065,11.4103
593.0333,0,1.1134,3.5311,11.7041
593.6172,0,1.2325,3.6897,11.9304
594.2009,0,1.2569,3.7432,12.01
594.7847,0,1.3546,3.9168,12.2537
595.3684,0,1.5078,3.9753,12.49
595.9521,0,1.4914,4.1171,12.7066
596.5358,0,1.5694,4.0053,12.7037
597.1193,0,1.612,4.1932,12.8515
597.7029,0,1.7566,4.34,13.0354
598.2864,0,1.8136,4.3561,13.1767
598.8699,0,1.8676,4.3924,13.2098
599.4534,0,2.0321,4.5539,13.4637
600.0368,0.12373,2.0366,4.606,13.4359
600.6202,0.35389,2.0168,4.5989,13.523
601.2036,0.37297,1.9654,4.6017,13.4611
601.7868,0.55333,2.0395,4.6537,13.5658
602.3701,0.7074,2.0069,4.6861,13.5843
602.9533,0.9289,2.1693,4.709,13.7355
603.5365,1.065,2.1708,4.7776,13.8551
604.1197,1.1255,2.1793,4.6875,13.815
604.7028,1.2329,2.2485,4.7141,13.8614
605.2859,1.3036,2.175,4.7586,13.7655
605.8689,1.4941,2.2522,4.7537,13.8905
606.4519,1.6242,2.2638,4.8372,13.8538
607.0349,1.5892,2.1826,4.797,13.855
607.6178,1.5772,2.1978,4.643,13.7116
608.2007,1.7422,2.1926,4.7545,13.8646
608.7836,1.8039,2.1996,4.723,13.8093
609.3664,1.8176,2.1612,4.7055,13.7524
609.9492,1.8942,2.1876,4.6868,13.7361
610.5319,1.9476,2.1385,4.674,13.7458
611.1146,1.9632,2.1719,4.5886,13.723
611.6973,2.055,2.1752,4.6427,13.745
612.2799,2.0643,2.1621,4.5755,13.713
612.8625,2.0439,2.2157,4.5968,13.6862
613.4451,2.1582,2.2244,4.5583,13.76
614.0276,2.3344,2.2754,4.5832,13.7679
614.61,2.3521,2.2245,4.6694,13.8113
615.1925,2.5135,2.3123,4.7547,13.8346
615.7749,2.5984,2.4125,4.8504,13.9137
616.3573,2.5568,2.3349,4.7071,13.8846
616.9396,2.7417,2.514,4.8202,14.0023
617.5219,2.7584,2.5306,4.8954,14.0975
618.1041,2.7818,2.4736,4.8051,14.0183
618.6863,2.8905,2.5294,4.9149,14.0632
619.2686,2.9287,2.603,4.8656,14.1642
619.8506,2.9327,2.5279,4.8447,14.016
620.4328,3.081,2.6012,5.0084,14.2271
621.0148,3.1509,2.5657,4.9183,14.1187
621.5969,3.148,2.6791,5.0343,14.1479
622.1788,3.1612,2.7131,4.9299,14.1371
622.7608,3.2402,2.7079,4.9756,14.2234
623.3427,3.2561,2.7881,5.0846,14.2195
623.9246,3.3845,2.7739,5.1168,14.2768
624.5064,3.3689,2.8899,5.11,14.3246
625.0882,3.417,2.8787,5.1272,14.3648
625.67,3.4618,2.9213,5.1298,14.337
626.2517,3.4792,2.8748,5.1038,14.3238
626.8334,3.4781,2.9154,5.1166,14.2301
627.415,3.4863,2.8539,5.0822,14.2144
627.9966,3.4935,2.8901,5.0383,14.2153
628.5782,3.4988,2.9062,5.1382,14.3356
629.1597,3.5106,2.8133,5.1038,14.1602
629.7412,3.6178,2.8245,5.0511,14.2648
630.3226,3.6507,2.8759,5.0824,14.1788
630.9041,3.7098,2.8795,5.0905,14.2599
631.4854,3.6939,2.8297,5.0549,14.2469
632.0668,3.7602,2.8844,5.0678,14.2593
632.6481,3.7511,2.9856,5.1636,14.2744
633.2293,3.7707,2.939,5.1341,14.2964
633.8105,3.7137,2.8503,5.1076,14.1634
634.3917,3.7246,2.8673,5.1362,14.241
634.9729,3.7744,2.9283,5.2064,14.254
635.554,3.9314,3.0348,5.2313,14.3778
636.1351,3.9163,3.0946,5.1915,14.3328
636.7161,4.021,3.1218,5.3068,14.4208
637.2971,4.0272,3.0965,5.2188,14.4629
637.8781,4.0403,3.1485,5.2416,14.3264
638.4589,4.0807,3.16,5.2575,14.3746
639.0398,4.1742,3.2147,5.4096,14.4992
639.6207,4.1755,3.2431,5.4014,14.5863
640.2014,4.179,3.254,5.4177,14.4854
640.7822,4.1938,3.2779,5.4003,14.5391
641.3629,4.1874,3.2567,5.3716,14.3735
641.9436,4.1998,3.2096,5.3412,14.572
642.5242,4.2616,3.3003,5.4494,14.5779
643.1049,4.2303,3.273,5.4545,14.5148
643.6854,4.301,3.2978,5.4992,14.6044
644.2659,4.3009,3.3744,5.5144,14.6483
644.8464,4.287,3.365,5.4381,14.6337
645.4269,4.3971,3.417,5.5317,14.6575
646.0073,4.4369,3.457,5.6154,14.7603
646.5876,4.3982,3.4696,5.6263,14.7499
647.168,4.5308,3.5111,5.6667,14.786
647.7483,4.4987,3.5749,5.6168,14.8435
648.3286,4.4813,3.5726,5.6571,14.9031
648.9088,4.5284,3.6115,5.7138,14.9646
649.489,4.5021,3.5652,5.6793,14.9526
650.0691,4.3957,3.5881,5.716,14.8448
650.6492,4.4651,3.5109,5.7245,14.8916
651.2292,4.3507,3.5675,5.6921,14.7985
651.8093,4.3303,3.5242,5.6583,14.7979
652.3892,4.1859,3.398,5.4774,14.6266
652.9692,4.0073,3.1778,5.3643,14.44
653.5491,3.8305,3.0362,5.1577,14.2858
654.1289,3.5751,2.7978,4.9718,14.089
654.7087,3.3923,2.6279,4.7386,13.9522
655.2885,3.1082,2.4075,4.6259,13.7969
655.8683,2.968,2.2612,4.4506,13.5827
656.448,2.801,2.0829,4.2592,13.4259
657.0276,2.6607,1.9619,4.1284,13.313
657.6073,2.4798,1.7874,3.9114,13.1409
658.1869,2.4921,1.7249,3.8571,13.0924
658.7664,2.4815,1.826,3.8658,13.0812
659.3459,2.4793,1.6366,3.7783,12.9855
659.9254,2.4239,1.7236,3.7725,13.0417
660.5048,2.7141,1.9172,3.9976,13.3497
661.0842,2.9431,2.2582,4.3315,13.5294
661.6636,3.1785,2.4035,4.5155,13.6069
662.2429,3.1275,2.3329,4.4383,13.674
662.8221,3.2989,2.5128,4.6098,13.7759
663.4014,3.3195,2.5084,4.5996,13.8546
663.9806,3.373,2.4374,4.5455,13.7717
664.5598,3.3722,2.5168,4.6011,13.8388
665.1389,3.4217,2.4866,4.5614,13.8653
665.718,3.4642,2.5919,4.5916,13.9037
666.297,3.5147,2.6625,4.6402,13.9355
666.876,3.5829,2.6965,4.7188,13.9794
667.455,3.4885,2.6378,4.6563,13.8755
668.0339,3.5278,2.6879,4.6636,14.0192
668.6127,3.422,2.5679,4.5695,13.9238
669.1916,3.4873,2.5953,4.6458,13.8891
669.7704,3.5556,2.6491,4.6146,13.9445
670.3491,3.6586,2.7306,4.7584,14.1327
670.9279,3.6399,2.7,4.6474,13.958
671.5065,3.5331,2.6553,4.614,13.957
672.0852,3.5037,2.5935,4.532,13.9627
672.6638,3.6142,2.7201,4.6193,13.9748
673.2423,3.6397,2.7588,4.7287,14.0493
673.8209,3.6127,2.7614,4.646,13.9683
674.3994,3.578,2.6761,4.5701,13.9362
674.9778,3.6146,2.6692,4.5289,13.8699
675.5562,3.5332,2.6046,4.494,13.8255
676.1345,3.538,2.5719,4.4426,13.8911
676.7129,3.5797,2.5732,4.4307,13.9517
677.2911,3.5376,2.6451,4.5028,13.8619
677.8694,3.6138,2.605,4.5221,13.8967
678.4476,3.5574,2.5906,4.4801,13.8793
679.0258,3.5649,2.5685,4.5057,13.8874
679.6039,3.551,2.5785,4.4616,13.8607
680.1819,3.5773,2.5438,4.5042,13.8676
680.76,3.5887,2.5168,4.4664,13.8357
681.338,3.6279,2.6882,4.5201,13.8884
681.916,3.5783,2.5724,4.4931,13.8445
682.4939,3.5369,2.552,4.4761,13.766
683.0718,3.4299,2.5894,4.5194,13.7464
683.6496,3.2842,2.5272,4.4621,13.7098
684.2274,3.1179,2.4912,4.4519,13.566
684.8052,2.9588,2.3711,4.402,13.3312
685.3829,2.7124,2.2675,4.433,13.1598
685.9606,2.59,2.2191,4.3438,12.9793
686.5382,2.4709,2.1546,4.3851,12.9705
687.1158,2.3719,2.1823,4.308,12.7644
687.6934,2.235,2.1659,4.3351,12.707
688.2709,2.1674,2.0724,4.3962,12.6424
688.8483,1.9519,2.0149,4.3192,12.4418
689.4258,1.8121,2.0103,4.2638,12.3131
690.0032,1.7174,1.9272,4.239,12.2378
690.5806,1.7301,1.97,4.2038,12.2263
691.1579,1.5613,1.9112,4.2242,12.0909
691.7352,1.6597,1.9634,4.314,12.066
692.3124,1.4404,1.8639,4.241,12.044
692.8896,1.5328,1.9369,4.3382,12.008
693.4667,1.4106,1.7838,4.2088,11.8964
694.0438,1.4873,1.8716,4.2752,11.969
694.6209,1.3265,1.7632,4.1219,11.8977
695.1979,1.3334,1.8412,4.2363,11.8668
695.775,1.3048,1.753,4.2551,11.8361
696.3519,1.2545,1.7746,4.1463,11.7271
696.9288,1.2,1.7824,4.2335,11.6988
697.5057,1.2475,1.8343,4.2954,11.7905
698.0825,1.2062,1.7752,4.1969,11.715
698.6593,1.1043,1.7444,4.1437,11.6653
699.236,1.1193,1.7915,4.1744,11.7225
699.8127,1.1577,1.8251,4.2704,11.6762
700.3894,1.0869,1.7438,4.2015,11.6988
700.9661,1.1499,1.7695,4.1815,11.6802
701.5427,1.1381,1.7165,4.1768,11.6462
702.1192,1.1433,1.7097,4.1495,11.6153
702.6957,1.0127,1.6419,4.0385,11.5712
703.2722,1.0753,1.7295,4.1486,11.5994
703.8486,1.0691,1.8183,4.1679,11.6893
704.4249,1.0499,1.7764,4.1354,11.6309
705.0013,1.0529,1.7827,4.1491,11.6453
705.5776,0.98606,1.6384,4.0673,11.5537
706.1539,0.9765,1.6607,4.0508,11.5549
706.73,0.92783,1.6143,3.9945,11.4721
707.3063,0.87951,1.5024,3.8951,11.2974
707.8824,0.87015,1.5816,3.9199,11.3958
708.4585,0.76796,1.5068,3.9106,11.3954
709.0345,0.89054,1.5999,3.9107,11.3989
709.6105,0.89994,1.5828,3.9626,11.3653
710.1865,0.88299,1.5512,3.9311,11.4112
710.7625,0.96669,1.6767,4.0787,11.5516
711.3383,1.0358,1.7326,4.0313,11.5621
711.9142,0.9992,1.6584,4.049,11.475
712.49,0.93466,1.5529,3.982,11.4127
713.0657,0.98313,1.614,4.0567,11.4811
713.6415,0.96064,1.6296,4.0435,11.5151
714.2172,0.85054,1.5459,3.9291,11.3975
714.7928,0.83019,1.5599,3.971,11.3641
715.3684,0.79535,1.5394,3.9282,11.312
715.944,0.8335,1.5691,3.9431,11.3116
716.5195,0.83568,1.5429,3.9477,11.3134
717.095,0.80785,1.5651,3.939,11.2756
717.6704,0.92166,1.5964,3.9947,11.3129
718.2458,0.86563,1.5964,3.908,11.2482
718.8212,0.96448,1.6026,3.9393,11.3072
719.3965,0.8764,1.6164,3.876,11.2614
719.9717,0.86178,1.5731,3.9291,11.2629
720.5469,0.83326,1.601,3.919,11.2552
721.1221,0.68229,1.3727,3.7482,11.0415
721.6973,0.78553,1.4643,3.8721,11.087
722.2724,0.87158,1.5722,4.001,11.2633
722.8475,0.85181,1.5746,3.9946,11.2638
723.4225,0.7889,1.5764,3.9405,11.1651
723.9974,0.70881,1.5054,3.8666,11.0858
724.5724,0.71804,1.546,3.8738,11.1511
725.1473,0.68585,1.5251,3.8568,11.1171
725.7222,0.78079,1.5536,3.9048,11.1766
726.2969,0.78144,1.6343,3.9533,11.2661
726.8717,0.75841,1.5112,3.91,11.0993
727.4465,0.66471,1.472,3.8055,10.9994
728.0211,0.65852,1.3995,3.7461,11.0297
728.5958,0.69425,1.4677,3.8909,11.0363
729.1704,0.68264,1.3863,3.7634,11.0655
729.7449,0.63711,1.4197,3.749,10.9388
730.3195,0.64987,1.4062,3.758,10.9512
730.894,0.57947,1.4218,3.7258,10.955
731.4684,0.57908,1.3659,3.6845,10.8857
732.0428,0.60543,1.3825,3.6886,10.9125
732.6171,0.57372,1.4041,3.7213,10.9439
733.1915,0.6289,1.3733,3.6887,11.0026
733.7657,0.53533,1.3385,3.7393,10.9767
734.34,0.4527,1.2329,3.5741,10.8896
734.9141,0.53235,1.3568,3.7121,10.954
735.4883,0.56491,1.4074,3.714,11.0569
736.0624,0.47865,1.3472,3.6791,10.8686
736.6365,0.55915,1.4068,3.7046,10.9117
737.2104,0.47385,1.358,3.6781,10.8507
737.7844,0.36206,1.2481,3.4825,10.7602
738.3584,0.53056,1.3435,3.641,10.8236
738.9323,0.53361,1.4042,3.701,10.8918
739.5061,0.46271,1.2555,3.6179,10.8561
740.0799,0.46134,1.1703,3.6341,10.7591
740.6537,0.46822,1.2421,3.6926,10.7826
741.2274,0.43839,1.2028,3.6593,10.7945
741.8011,0.48879,1.2145,3.5752,10.7198
742.3748,0.47322,1.2592,3.5991,10.8129
742.9483,0.53212,1.2823,3.7139,10.864
743.5219,0.47146,1.3036,3.6426,10.8967
744.0954,0.37996,1.2589,3.7316,10.8873
744.6689,0.45625,1.3632,3.6611,10.8535
745.2423,0.35654,1.2231,3.605,10.7618
745.8157,0.44473,1.2147,3.5057,10.8514
746.389,0.4398,1.2569,3.6369,10.8156
746.9623,0.46205,1.1741,3.5831,10.6602
747.5356,0.46002,1.1699,3.619,10.6823
748.1088,0.43767,1.2193,3.5744,10.7647
748.6819,0.29035,1.1557,3.5635,10.639
749.2551,0.37339,1.2432,3.5463,10.7041
749.8282,0.32204,1.1595,3.5051,10.7024
750.4012,0.4392,1.3123,3.6223,10.7258
750.9742,0.34357,1.2229,3.5438,10.6221
751.5472,0.33579,1.1447,3.5696,10.6481
752.1201,0.30099,1.187,3.6448,10.704
752.693,0.41691,1.2768,3.5891,10.7851
753.2658,0.32258,1.2353,3.5587,10.7092
753.8386,0.31845,1.1765,3.5436,10.798
754.4114,0.29802,1.249,3.5748,10.7991
754.9841,0.2313,1.124,3.4468,10.6158
755.5567,0.18426,1.1147,3.4342,10.666
756.1293,0.14928,1.0831,3.4802,10.6066
756.7019,0.27294,1.1406,3.4927,10.7154
757.2745,0.27583,1.1004,3.4599,10.6611
757.8469,0.16486,1.0729,3.4648,10.5108
758.4194,0.2484,1.1414,3.4296,10.661
758.9918,0.13896,1.0349,3.4009,10.4516
759.5641,0.29056,1.1223,3.5073,10.6569
760.1365,0.19595,1.0992,3.4823,10.6925
760.7087,0.31728,1.1938,3.4997,10.6277
761.281,0.13685,1.0158,3.3082,10.4818
761.8532,0.18938,1.0101,3.3439,10.4672
762.4254,0.36366,1.2463,3.4887,10.6215
762.9974,0.25552,1.098,3.4583,10.5974
763.5695,0.22009,1.1634,3.4181,10.5018
764.1415,0.15041,1.1283,3.4115,10.5326
764.7135,0.17666,1.102,3.4373,10.4905
765.2855,0.22384,1.0186,3.353,10.4935
765.8573,0.16996,1.0749,3.4199,10.4931
766.4292,0.35303,1.2027,3.4819,10.5877
767.001,0.21359,1.2122,3.3962,10.5781
767.5728,0.36158,1.2293,3.4396,10.6472
768.1445,0.15171,1.1511,3.4544,10.4921
768.7161,0.14406,1.105,3.3952,10.5702
769.2878,0.22779,1.1625,3.51,10.5693
769.8594,0.27536,1.165,3.4821,10.5296
770.4309,0.1701,1.0638,3.3949,10.5372
771.0024,0.16167,1.0781,3.345,10.5582
771.5739,0.13929,1.0685,3.3927,10.4796
772.1453,0.36613,1.2532,3.6509,10.7004
772.7167,0.16088,1.1645,3.494,10.5482
773.288,0.26246,1.1886,3.4325,10.5295
773.8593,0.16587,1.0443,3.3494,10.4717
774.4305,0.13612,1.0259,3.3488,10.4269
775.0017,0.15414,1.0184,3.294,10.3672
775.5729,0.070007,0.98521,3.2423,10.2711
776.144,0.0058454,1.1074,3.3415,10.3874
776.715,0.084886,1.1078,3.3207,10.4253
777.2861,0,1.0346,3.2581,10.4413
777.8571,0.08156,1.0519,3.3295,10.4359
778.428,0.11973,1.1764,3.3314,10.4097
778.9989,0.11628,1.0748,3.298,10.5168
779.5698,0.081741,1.0556,3.2842,10.4288
780.1406,0.13009,1.0739,3.2524,10.4639
780.7113,0.14154,1.0949,3.3572,10.4522
781.282,0,0.9561,3.1447,10.2711
781.8527,0,0.94259,3.1405,10.359
782.4233,0,0.87468,3.1591,10.4085
782.994,0,0.91682,3.2549,10.2252
783.5645,0.080925,1.0841,3.3884,10.4828
784.135,0.055647,1.038,3.2527,10.3747
784.7054,0.086927,1.0424,3.2963,10.4479
785.2759,0.10987,0.89521,3.2624,10.3729
785.8463,0,0.90749,3.2269,10.3197
786.4166,0,0.95207,3.1939,10.2911
786.9868,0,0.76413,3.0702,10.0681
787.5571,0,0.7538,3.0641,10.2922
788.1273,0,0.92125,3.0413,10.3246
788.6974,0,0.87063,3.153,10.2541
789.2675,0,0.94045,3.1532,10.393
789.8376,0,0.90003,3.1933,10.2732
790.4076,0,0.8307,3.1769,10.0585
790.9776,0,0.86835,3.1234,10.2703
791.5475,0,0.95016,3.2637,10.2645
792.1174,0.04058,0.99631,3.2075,10.2732
792.6873,0,0.92465,3.1723,10.1875
793.2571,0,0.96873,3.1802,10.1196
793.8268,0.10288,1.1271,3.3067,10.427
794.3965,0.022407,1.0377,3.2397,10.3458
794.9662,0.11229,1.1345,3.2775,10.4392
795.5358,0,0.94052,3.1518,10.3678
796.1054,0,0.94183,3.2008,10.2799
796.6749,0,0.89081,3.1289,10.2898
797.2444,0,0.88321,3.1714,10.1159
797.8139,0,0.7707,2.984,10.218
798.3833,0,0.78532,3.0479,10.1761
798.9526,0,0.78878,3.0188,10.143
799.522,0,0.89157,3.0591,10.1268
800.0912,0,1.0158,3.1486,10.2093
800.6605,0,0.9463,3.132,10.1368
801.2297,0,0.93688,3.0933,10.1965
801.7988,0,0.77599,3.0358,10.224
802.3679,0,0.86605,3.1169,10.1741
802.937,0,0.87992,3.0882,10.2332
803.5059,0,0.86287,3.063,10.1694
804.0749,0,0.94064,3.0885,10.2576
804.6438,0,0.85247,3.0672,10.2028
805.2127,0,0.81848,3.0912,10.221
805.7815,0,0.8134,3.0635,10.244
806.3503,0,0.82958,3.1382,10.0916
806.9191,0,0.7989,3.0648,10.1669
807.4877,0,0.78645,3.0603,10.2226
808.0564,0,0.79767,2.8969,10.1815
808.625,0,0.91486,3.048,10.0777
809.1935,0,0.83453,3.0343,10.1717
809.7621,0,0.77018,3.0841,10.1162
810.3306,0,0.91903,3.0801,10.2547
810.899,0,0.85791,3.0669,10.161
811.4673,0,0.78202,3.0415,10.1463
812.0357,0,0.8386,3.0216,10.1234
812.604,0,0.74755,2.9034,10.1075
813.1722,0,0.80741,2.9372,9.9749
813.7404,0,0.81629,3.0361,10.0604
814.3086,0,0.79441,3.0097,9.986
814.8767,0,0.79077,3.0315,10.0796
815.4448,0,0.74457,2.9601,10.0128
816.0128,0,0.82867,3.0642,10.0912
816.5808,0,0.84875,3.0301,10.0881
817.1487,0,0.79998,2.9197,10.016
817.7166,0,0.84336,2.943,10.0595
818.2844,0,0.77651,2.9524,10.1242
818.8522,0,0.77142,2.8812,9.9317
819.42,0,0.7783,3.0107,9.9863
819.9877,0,0.91386,3.0525,9.9906
820.5554,0,0.70782,2.8473,10.0551
821.123,0,0.71713,2.8236,9.9977
821.6906,0,0.67828,2.9675,9.8617
822.2581,0,0.64304,2.8148,9.8413
822.8256,0,0.59898,2.975,9.8378
823.3931,0,0.50742,2.7856,9.809
823.9604,0,0.70762,2.9522,9.8991
824.5278,0,0.67433,2.8415,9.6977
825.0951,0,0.59689,2.8364,9.8393
825.6624,0,0.59793,2.8235,9.7063
826.2296,0,0.6985,2.7839,9.9076
826.7968,0,0.82781,2.9951,9.8272
827.3638,0,0.65405,2.8968,9.9028
827.9309,0,0.71797,2.8069,9.9569
828.498,0,0.62043,2.8191,9.8471
829.0649,0,0.75989,2.9686,9.8873
829.6319,0,0.81961,3.0261,9.9607
830.1988,0,0.69161,2.9955,9.8461
830.7656,0,0.72515,2.9573,9.8892
831.3325,0,0.58627,2.8624,9.7727
831.8992,0,0.55875,2.8826,9.8418
832.4659,0,0.76121,2.9891,10.045
833.0326,0,0.61568,2.8385,9.8827
833.5992,0,0.49403,2.739,9.7125
834.1658,0,0.57515,2.8253,9.7578
834.7324,0,0.46202,2.6655,9.7714
835.2988,0,0.5717,2.7274,9.7823
835.8653,0,0.57064,2.782,9.8082
836.4317,0,0.50427,2.7762,9.7312
836.998,0,0.54807,2.8119,9.8918
837.5643,0,0.72855,2.8263,9.9496
838.1306,0,0.52578,2.645,9.6765
838.6968,0,0.4375,2.749,9.694
839.263,0,0.46908,2.6452,9.7093
839.8291,0,0.54918,2.8058,9.9771
840.3952,0,0.6087,2.7521,9.9365
840.9612,0,0.60648,2.8099,10.015
841.5272,0,0.65511,2.8955,9.9668
842.0931,0,0.67206,2.9218,9.8556
842.6591,0,0.58137,2.7395,9.7819
843.2249,0,0.52612,2.6408,9.6822
843.7907,0,0.55132,2.8411,9.9064
844.3564,0,0.61883,2.8305,9.9746
844.9222,0,0.58384,2.7003,9.7931
845.4879,0,0.61418,2.8086,9.894
846.0535,0,0.60263,2.8197,9.7151
846.619,0,0.67277,2.7632,9.6311
847.1846,0,0.65034,2.7692,9.7146
847.7501,0,0.81685,2.9553,10.0175
848.3155,0,0.77141,2.887,9.9088
848.8809,0,0.77565,3.0228,10.057
849.4462,0,0.72311,2.8667,9.8339
850.0115,0,0.56695,2.8446,9.8426
850.5768,0,0.85673,3.0861,9.9791
851.142,0,0.79871,2.9817,9.9141
851.7072,0,0.72421,2.8769,9.8592
852.2723,0,0.70899,2.8961,9.7719
852.8373,0,0.671,2.933,9.6975
853.4023,0,0.46939,2.7587,9.7372
853.9673,0,0.58164,2.9586,9.6928
854.5323,0,0.63801,2.8821,9.8224
855.0972,0,0.50031,2.704,9.6991
855.662,0,0.50672,2.6108,9.6704
856.2268,0,0.6471,2.7866,9.806
856.7915,0,0.55418,2.8074,9.7594
857.3562,0,0.71504,2.8937,9.959
857.9209,0,0.78494,3.0076,9.8938
858.4855,0,0.58137,2.704,9.6039
859.05,0,0.59424,2.6851,9.6727
859.6146,0,0.73067,2.832,9.7221
860.179,0,0.66566,2.7191,9.8585
860.7435,0,0.57343,2.7519,9.6998
861.3078,0,0.69383,2.8835,10.011
861.8721,0,0.69318,2.8082,9.892
862.4364,0,0.66105,2.8144,9.9247
863.0007,0,0.68592,2.9052,9.8632
863.5649,0,0.61053,2.8572,9.8281
864.129,0,0.50302,2.7665,9.7495
864.6931,0,0.67083,2.9537,9.7652
865.2571,0,0.63645,2.7447,9.5741
865.8212,0,0.33218,2.6912,9.538
866.3851,0,0.55275,2.6729,9.7523
866.949,0,0.3979,2.6757,9.629
867.5129,0,0.41967,2.7155,9.6391
868.0767,0,0.53961,2.839,9.811
868.6404,0,0.58804,2.7938,9.6162
869.2042,0,0.55421,2.6191,9.7333
869.7679,0,0.58448,2.6822,9.6429
870.3315,0,0.52467,2.7125,9.8517
870.8951,0,0.55629,2.6414,9.7712
871.4586,0,0.68171,2.7068,9.8944
872.0221,0,0.50389,2.6534,9.6572
872.5856,0,0.44984,2.5636,9.6562
873.1489,0,0.47978,2.6481,9.6846
873.7123,0,0.73088,2.8541,9.7951
874.2756,0,0.57275,2.7397,9.8565
874.8389,0,0.36571,2.6432,9.7677
875.402,0,0.50258,2.7028,9.6157
875.9652,0,0.46307,2.7509,9.6539
876.5283,0,0.51514,2.5427,9.5912
877.0914,0,0.51443,2.6461,9.7354
877.6544,0,0.55194,2.7976,9.8065
878.2174,0,0.48255,2.6553,9.5838
878.7803,0,0.553,2.7846,9.6757
879.3432,0,0.55882,2.7399,9.587
879.906,0,0.67756,2.7906,9.7809
880.4688,0,0.38717,2.4552,9.5802
881.0316,0,0.5428,2.619,9.5448
881.5942,0,0.41733,2.6668,9.5958
882.1569,0,0.62001,2.6503,9.7818
882.7195,0,0.49872,2.5389,9.5335
883.282,0,0.38804,2.4404,9.6079
883.8445,0,0.42035,2.6156,9.5792
884.407,0,0.33399,2.5089,9.5389
884.9694,0,0.29074,2.4624,9.4976
885.5317,0,0.4237,2.5183,9.5553
886.0941,0,0.51891,2.7176,9.5387
886.6563,0,0.61534,2.8669,9.8571
887.2186,0,0.70046,2.7013,9.8606
887.7807,0,0.6505,2.8293,9.6202
888.3428,0,0.59673,2.7723,9.7745
888.9049,0,0.81505,2.7399,9.8343
889.4669,0,0.60484,2.6988,9.7604
890.0289,0,0.68581,2.5662,9.6435
890.5909,0,0.64589,2.7171,9.7036
891.1528,0,0.75791,2.8599,9.7828
891.7146,0,0.58716,2.7865,9.5959
892.2764,0,0.3889,2.3935,9.5506
892.8381,0,0.47431,2.5452,9.5062
893.3998,0,0.58215,2.536,9.464
893.9615,0,0.57385,2.6032,9.6154
894.5231,0,0.53627,2.5557,9.5526
895.0846,0,0.41422,2.5956,9.4808
895.6461,0,0.43828,2.532,9.4119
896.2076,0,0.39247,2.5708,9.4421
896.769,0,0.54387,2.549,9.5812
897.3304,0,0.36268,2.6283,9.5449
897.8917,0,0.43063,2.6107,9.6071
898.4529,0,0.53265,2.6313,9.6161
899.0142,0,0.52841,2.7028,9.6338
899.5753,0,0.41237,2.5618,9.5432
900.1365,0,0.42333,2.7034,9.432
900.6975,0,0.48743,2.6214,9.4635
901.2585,0,0.52726,2.4557,9.5063
901.8195,0,0.31923,2.5192,9.5333
902.3805,0,0.33462,2.3803,9.3846
902.9413,0,0.42969,2.6136,9.6424
903.5022,0,0.55591,2.6457,9.5673
904.063,0,0.46909,2.6509,9.507
904.6237,0,0.49008,2.5634,9.5276
905.1844,0,0.56425,2.5608,9.7133
905.7451,0,0.31468,2.3002,9.3332
906.3057,0,0.46484,2.4255,9.3883
906.8662,0,0.23726,2.3734,9.562
907.4267,0,0.40008,2.4895,9.3615
907.9872,0,0.25409,2.3596,9.5654
908.5475,0,0.28029,2.3234,9.6149
909.1079,0,0.2487,2.4092,9.5333
909.6682,0,0.24419,2.4699,9.4296
910.2285,0,0.26159,2.2855,9.4838
910.7887,0,0.15351,2.4332,9.4324
911.3489,0,0.29482,2.3537,9.4412
911.909,0,0.30776,2.419,9.5436
912.4691,0,0.31825,2.4526,9.61
913.0291,0,0.41062,2.454,9.6632
913.5891,0,0.22296,2.3448,9.4222
914.1489,0,0.25011,2.2834,9.4856
914.7088,0,0.44343,2.2482,9.5293
915.2687,0,0.32099,2.4169,9.4758
915.8284,0,0.4211,2.5045,9.4643
916.3882,0,0.34454,2.6535,9.5283
916.9478,0,0.44215,2.5979,9.4929
917.5074,0,0.36773,2.477,9.4589
918.0671,0,0.24511,2.3851,9.5756
918.6266,0,0.14194,2.3506,9.5075
919.1861,0,0.31154,2.5465,9.6043
919.7455,0,0.31584,2.5299,9.6468
920.3049,0,0.1559,2.4889,9.4879
920.8643,0,0.413,2.519,9.7452
921.4235,0,0.40351,2.4068,9.51
921.9828,0,0.093622,2.3487,9.3263
922.542,0,0,2.1744,9.1578
923.1011,0,0.26408,2.2597,9.6018
923.6602,0,0.23562,2.385,9.1411
924.2193,0,0.20089,2.3589,9.4816
924.7783,0,0.28943,2.3872,9.294
925.3372,0,0.37554,2.5273,9.5719
925.8961,0,0.40801,2.5976,9.5822
926.455,0,0.29494,2.4131,9.5545
927.0138,0,0.50027,2.6102,9.4854
927.5726,0,0.25613,2.3843,9.3945
928.1312,0,0.13653,2.6364,9.3112
928.6899,0,0.23283,2.3149,9.4657
929.2485,0,0.57776,2.5927,9.6434
929.8071,0,0.48478,2.5107,9.474
930.3656,0,0.39624,2.4316,9.6831
930.9241,0,0.27422,2.4805,9.3528
931.4825,0,0.617,2.5805,9.7037
932.0408,0,0.43114,2.6051,9.5289
932.5992,0,0.43989,2.5539,9.7229
933.1574,0,0.50155,2.7545,9.7979
933.7156,0,0.64909,2.8835,10.0878
934.2738,0,1.0885,2.9536,10.4647
934.8319,0,0.64173,2.7952,9.88
935.39,0,0.86932,3.0458,10.3245
935.9481,0,1.1666,3.1245,10.1305
936.506,0,0.91133,3.1062,9.9263
937.0639,0,0.98134,2.5833,10.2487
937.6218,0,0.9165,2.9656,10.3195
938.1796,0,1.0414,2.8419,10.2773
938.7374,0,0.93224,2.7456,10.4776
939.2952,0,0.87107,3.0855,9.7771
939.8528,0,0.54594,2.5341,9.9827
940.4105,0,0.58436,2.374,9.5251
940.968,0,0.39999,2.0273,9.2966
941.5256,0,0.91712,2.7653,9.4058
942.083,0,0.84039,2.5576,9.4078
942.6404,0,0.80497,2.3443,9.5243
943.1979,0,0.25027,2.0811,9.6213
943.7552,0,0.77094,2.7858,9.6812
944.3125,0,0.5567,2.2821,9.603
944.8697,0,0.66917,2.4723,9.564
945.4269,0,0.22347,2.247,9.9777
945.984,0,0.073577,1.9094,9.137
946.5411,0,0.27518,2.3914,9.4638
947.0981,0,0.59976,2.1765,9.3096
947.6552,0,0.43841,2.3978,9.5523
948.2121,0,0.41083,2.0804,9.222
948.769,0,0.22907,2.0166,9.5325
949.3258,0,0.28165,2.1077,9.0284
949.8826,0,0.11286,2.169,9.318
950.4393,0,0,1.7288,9.1043
950.996,0,0.025641,1.9516,9.2323
951.5527,0,0.31546,2.4736,9.1182
952.1093,0,0,1.5767,8.8629
952.6658,0,0,1.5268,8.8626
953.2223,0,0.03726,2.1225,9.1668
953.7787,0,0,2.0258,9.1802
954.3351,0,0.055849,1.9803,9.4299
954.8915,0,0.096439,1.9267,8.9572
955.4478,0,0.14516,1.8891,9.156
956.004,0,0,2.1657,8.9548
956.5602,0,0,1.8201,8.7824
957.1163,0,0,2.0452,8.9814
957.6724,0,0,1.7879,8.9726
958.2285,0,0,1.914,8.6187
958.7844,0,0,1.8377,8.8908
959.3404,0,0,1.8132,8.7617
959.8963,0,0,1.9032,8.9905
960.4521,0,0,1.7124,8.5289
961.0079,0,0.054483,2.0879,8.9961
961.5637,0,0,1.7421,8.4684
962.1194,0,0,2.0079,8.8192
962.675,0,0,2.2131,8.4354
963.2306,0,0,1.8982,8.8432
963.7861,0,0,2.0236,8.9706
964.3416,0,0,1.5532,8.4325
964.8971,0,0,1.6061,8.5875
965.4525,0,0,1.8565,8.7249
966.0078,0,0,2.0317,8.8751
966.5631,0,0,1.7129,8.7039
967.1183,0,0,1.6944,8.7564
967.6735,0,0,1.6953,8.5549
968.2287,0,0.013083,2.1111,8.7788
968.7838,0,0,1.8594,8.8198
969.3388,0,0,2.0968,8.8441
969.8938,0,0,1.8517,8.7788
970.4487,0,0,1.6839,8.4798
971.0036,0,0,1.7076,8.7156
971.5585,0,0,1.7997,8.7294
972.1133,0,0,1.7133,8.577
972.668,0,0,1.6012,8.4482
973.2227,0,0,1.5597,8.4826
973.7773,0,0,1.6048,8.4376
974.3319,0,0,1.6296,8.9057
974.8864,0,0.011456,1.9999,9.2506
975.4409,0,0,1.5182,8.4417
975.9954,0,0.025187,1.7158,8.4928
976.5497,0,0,1.391,8.5289
977.1041,0,0,1.4554,8.3294
977.6584,0,0,1.7854,8.7869
978.2126,0,0,2.119,8.7452
978.7668,0,0,1.6893,8.5972
979.3209,0,0,1.4518,8.6804
979.875,0,0,1.6387,8.6821
980.429,0,0,1.6495,8.5637
980.983,0,0,1.6597,8.3814
981.5369,0,0,1.7215,8.228
982.0908,0,0,1.5718,8.6133
982.6447,0,0,1.469,8.7498
983.1984,0,0,1.6864,8.8645
983.7521,0,0,1.4069,8.3103
984.3058,0,0,1.8861,8.602
984.8594,0,0,1.6834,8.3753
985.413,0,0,1.642,9.0246
985.9666,0,0.17129,2.004,8.7977
986.52,0,0,1.7447,8.5488
987.0734,0,0,1.6733,8.2827
987.6268,0,0,1.5361,8.7445
988.1801,0,0,1.6655,8.389
988.7334,0,0,1.5168,8.5666
989.2866,0,0,1.5202,8.5032
989.8398,0,0,1.2799,8.4792
990.3929,0,0,1.7,8.5143
990.9459,0,0,1.231,8.5689
991.499,0,0,1.7664,8.9351
992.0519,0,0,1.721,8.6979
992.6049,0,0,1.7431,8.6447
993.1577,0,0,1.5159,8.8744
993.7105,0,0,1.2029,8.2861
994.2632,0,0,1.4388,9.0218
994.816,0,0,1.2935,8.219
995.3686,0,0,1.6889,8.7474
995.9212,0,0,1.5607,8.6697
996.4738,0,0,1.7564,8.2376
997.0262,0,0,1.397,8.5699
997.5787,0,0,1.1382,7.8422
998.1311,0,0,1.4241,8.2499
998.6835,0,0,1.2234,8.5997
999.2358,0,0,1.335,8.2006
999.788,0,0,1.4538,8.4337
1000.3402,0,0.023309,1.9155,9.0501
1000.8923,0,0,1.3529,8.5818
1001.4444,0,0,1.3754,8.5739
1001.9965,0,0,1.5762,8.4388
1002.5485,0,0,1.5456,8.3516
1003.1004,0,0,1.5379,8.5766
1003.6523,0,0,1.283,8.6802
1004.2041,0,0,1.7201,8.7621
1004.7559,0,0.32209,2.1657,9.3153
1005.3076,0,0,1.8451,8.8137
1005.8593,0,0,1.3747,8.7401
1006.4109,0,0.39874,2.3734,9.6151
1006.9625,0,0,1.635,8.3929
1007.514,0,0,1.7213,8.2379
1008.0655,0,0,1.8909,8.5555
1008.6169,0,0,1.854,8.6133
1009.1683,0,0,1.6943,8.7872
1009.7195,0,0,1.5927,8.4546
1010.2708,0,0.58617,2.4648,9.0314
1010.822,0,0,1.2078,9.0033
1011.3732,0,0.1089,1.4323,8.8407
1011.9243,0,0,1.944,8.7034
1012.4753,0,0.006895,1.7545,8.8532
1013.0264,0,0.10534,1.7858,9.1286
1013.5773,0,0,1.803,8.5682
1014.1282,0,0.070192,1.5095,8.8074
1014.6791,0,0.031929,1.6195,9.0435
1015.2299,0,0.3085,1.6757,9.0405
1015.7806,0,0,2.1301,8.1
1016.3313,0,0,1.2757,8.7086
1016.882,0,0,1.6971,9.02
1017.4326,0,0.17436,1.9131,9.2917
1017.9831,0,0.19774,1.8564,8.9741
1018.5336,0,0.28437,1.5982,8.7474
1019.084,0,0,1.5062,8.6481
1019.6343,0,0,1.4668,8.6697
1020.1847,0,0.050976,2.3527,9.1455
1020.735,0,0,2.121,8.7862
1021.2852,0,0.036092,1.4031,8.0802
1021.8354,0,0,1.5711,9.1366
1022.3855,0,0.2402,1.591,9.35
1022.9355,0,0.050391,1.8383,8.9341
1023.4855,0,0.41325,2.4267,9.3292
1024.0355,0,0,2.1323,10.0848
1024.5854,0,0.15913,1.7745,8.7303
1025.1353,0,0,1.7511,9.0716
1025.6851,0,0,1.7826,9.0429
1026.2349,0,0.18645,2.0499,9.0688
1026.7845,0,0,1.8815,8.9129
1027.3342,0,0.43746,2.2983,9.2232
1027.8838,0,1.0742,2.2939,9.1273
1028.4333,0,1.729,2.6013,9.4489
1028.9828,0,0,1.4079,8.3679
1029.5322,0,0,1.5358,8.4776
1030.0817,0,0,2.0299,8.9209
1030.631,0,0.48463,2.6702,10.2996
1031.1803,0,0.11294,1.6609,8.5341
1031.7295,0,0.5603,2.1331,9.4592
1032.2787,0,0,1.7795,8.7693
1032.8278,0,0,1.5182,9.1591
1033.3768,0,0.4529,2.4846,9.2372
1033.9259,0,0,1.9814,8.7038
1034.4749,0,0.11854,2.492,9.852
1035.0238,0,0,1.7986,9.0889
1035.5726,0,0.67677,2.4604,8.8849
1036.1215,0,0.47903,2.2341,9.1492
1036.6702,0,0,1.2401,8.5152
1037.2189,0,0.78909,3.3369,9.408
1037.7676,0,0,1.0753,9.0536
1038.3162,0,0.55988,1.6067,9.7964
1038.8646,0,1.5885,2.7285,9.6072
1039.4132,0,0,1.6892,9.6154
1039.9615,0,0,0.044355,8.2881
1040.51,0,0.98016,2.0523,9.2259
1041.0583,0,0.66729,1.7028,9.7569
1041.6066,0,0,1.4925,9.2525
1042.1548,0,0.54757,1.7351,9.2031
1042.703,0,0.31706,1.5239,9.493
1043.2511,0.078549,0.7684,1.2482,9.7587
1043.7992,0,0.055086,2.002,8.9911
1044.3472,0,0.27834,1.2357,7.7651
1044.8951,0.23137,0.3435,2.6323,10.2997
1045.443,0,1.0917,1.6943,9.2232
1045.9908,0,0,0.98919,8.8771
1046.5387,0.58651,1.481,3.7533,10.1772
1047.0864,0,0.22445,1.9345,9.7828
1047.6342,0,0.23439,2.1676,8.9127
1048.1818,0,0.80151,2.9094,10.2762
1048.7294,0,0.1467,2.3611,10.6221
1049.2769,0,0.57115,1.5549,9.6039
1049.8243,0,1.6389,3.4975,9.7728
1050.3718,0,1.2987,2.5524,10.467
1050.9192,0,1.1389,1.9558,8.7874
1051.4666,0.59491,1.0675,2.7741,11.1261
1052.0138,0,0,1.7609,9.3267
1052.561,0.3223,0.33528,1.7478,10.3829
1053.1082,0,0,0.80809,9.3729
1053.6553,0,1.2099,2.09,8.2803
1054.2023,0.98992,2.7536,2.8059,10.8618
1054.7493,0,1.4723,2.8335,9.9891
1055.2963,0.041945,0.8156,3.7751,11.1062
1055.8431,0,0,1.7521,11.2954
1056.39,0,0.86558,1.6184,9.9872
1056.9368,0.98842,1.9719,3.0096,11.8856
1057.4835,0.44201,1.5858,2.8319,10.2562
1058.0303,0.21287,0.79637,3.2757,11.1643
1058.5769,0.038552,1.8453,2.7474,10.0671
1059.1234,0.77133,1.5118,2.6996,10.904
1059.6699,1.0765,0,1.4318,8.5933
1060.2164,0.078417,0.57866,2.1281,9.1639
1060.7628,1.0967,2.012,2.1467,9.6119
1061.3092,1.2354,1.9173,5.3045,10.8163
1061.8555,0,0.31694,1.9662,10.1394
1062.4017,1.1865,1.1922,2.2994,10.9079
1062.9479,0,0,1.8527,10.4084
1063.494,0,1.2003,3.2508,10.9496
1064.0402,2.0537,2.431,2.7821,9.2648
1064.5862,0.42484,2.0741,1.0975,9.3878
1065.1322,0.024056,1.8192,2.7875,8.5278
1065.6781,1.6064,2.5596,4.947,10.9155
1066.224,1.8024,3.8482,4.905,12.2162
1066.7698,0,0.83155,2.2994,10.0762
1067.3156,1.7563,1.3267,3.3358,8.9364
1067.8613,0,0,2.8026,9.1213
1068.407,0,3.0196,1.9262,10.1553
1068.9525,0,2.0156,1.4246,9.5509
1069.4982,0.82373,1.934,3.6107,10.4578
1070.0436,0,3.062,3.1566,12.6298
1070.5891,2.9536,2.2393,1.5449,10.821
1071.1344,0.087503,0.81446,2.9785,9.2552
1071.6798,1.1981,4.1055,1.6889,8.8303
1072.2251,1.4179,2.929,2.4391,11.1433
1072.7703,1.4802,3.8499,3.3704,11.2648
1073.3154,1.3614,3.5361,4.0912,13.052
1073.8606,0,0.16407,0.51409,7.4525
1074.4056,0.9535,3.0085,3.9448,11.3903
1074.9507,2.1184,2.0455,2.7164,9.542
1075.4956,1.3325,3.2811,2.9731,13.0169
1076.0405,1.0607,2.3696,0.59428,11.0091
1076.5853,0.69348,2.6667,3.6175,10.4915
1077.1301,0,1.5895,1.0964,10.1973
1077.6749,2.3064,1.9867,3.3035,9.4653
1078.2196,2.043,3.7187,4.174,10.0735
1078.7643,2.0673,3.4855,4.1192,12.3768
1079.3088,0.023825,0,3.1965,8.6206
1079.8534,0,0,1.812,10.1282
1080.3978,0.032131,2.1487,3.5905,11.386
1080.9423,0,1.9586,3.2873,11.536
1081.4866,2.9534,5.0082,5.4575,10.7598
1082.0309,4.5839,2.8942,3.5174,9.6905
1082.5752,2.1161,3.4242,5.7248,10.609
1083.1194,0,0.76044,0.72683,9.6547
1083.6635,2.6373,6.1538,3.6384,11.643
1084.2075,0.97024,0.96589,3.7287,10.429
1084.7516,1.0135,3.9398,3.8959,10.1171
1085.2955,0,2.7095,2.0971,9.3048
1085.8395,0.7652,3.0519,3.6828,7.9384
1086.3834,3.7717,3.4566,3.1096,12.5434
1086.9272,0,1.419,1.4746,8.8662
1087.4709,2.2883,3.7167,4.1744,12.2088
1088.0146,0.95283,3.6992,1.2377,9.3414
1088.5583,2.2437,1.8177,2.6886,11.7959
1089.1019,1.173,0.36054,3.3699,9.8885
1089.6454,0.98072,0.08213,2.604,9.8459
1090.189,2.3171,0.53357,2.2034,9.5055
1090.7324,0,0.452,1.0514,10.5679
1091.2758,0,1.231,1.6074,7.5691
1091.8191,1.9059,2.1933,0.37816,12.9078
1092.3623,3.6562,2.7062,4.4521,13.0533
1092.9055,1.0068,4.8762,2.4356,11.7456
1093.4487,0,0.60816,0.99612,9.2429
1093.9918,0,2.6977,3.235,14.1792
1094.5349,0,1.9177,1.7364,8.6378
1095.0779,1.2064,0.083923,2.8429,10.1547
1095.6207,2.9392,3.8432,2.9669,9.6994
1096.1637,1.6422,1.1058,2.8137,13.1049
1096.7065,5.5214,1.6908,2.3616,10.7101
1097.2493,0,1.986,2.5734,11.3678
1097.792,3.6244,0,2.3279,11.7524
1098.3347,0,3.2531,1.5263,11.592
1098.8773,5.0078,4.4816,5.5803,13.971
1099.4198,1.7112,3.4282,3.1977,12.6124
1099.9623,3.6176,5.4701,4.1769,10.2703
1100.5048,0.22663,3.4362,4.7225,12.9609
